particle_size_nm,zeta_potential_mV,surface_area_m2_g,shape_factor,hydrophobicity_index,protein_albumin_abundance,protein_fibrinogen_abundance,protein_immunoglobulin_abundance,protein_apolipoprotein_abundance,exposure_time_h,concentration_ug_ml,nanoparticle_type,toxicity_label
59.30831723286756,15.852937121579615,63.6885493631997,3,0.5353101314525917,9.38572848233562,38.81657061269955,53.25040664159818,89.55628481318388,12,120.26055811427135,Gold,0
142.85357442943786,2.887709307529633,167.15127473972387,1,0.2152018720172375,90.96268194365923,67.4130295536063,11.539464217891737,90.91752640535857,6,103.22786318784566,Gold,1
111.13912156265374,-15.237790697093779,263.1542924041584,1,0.012120774643893273,66.92002629380784,25.990497924283286,60.56378893234115,31.38780765150273,12,58.34872066594637,Silica,0
91.8054802085703,25.10360157655589,222.34521705877273,3,0.24120145759954148,82.92867993167555,34.51922084942105,11.720390568023342,69.10558127392618,6,2.2864072001523996,Silver,0
27.622702864153297,14.778493804310344,243.90273287982043,0,0.9758737549100538,87.89789002822673,91.74858431319902,33.720657556575205,27.163318127436963,24,99.75160515826197,Silver,1
27.619205448749383,-26.990644852408696,201.04717634610805,0,0.8015371118829896,57.17723520483222,29.05045056714204,14.284196481433186,19.060983307444978,6,57.83957172388637,Silver,0
13.422123764388921,32.8741747595074,210.76020371017722,1,0.9595766443210334,51.74463517550413,46.99882681579366,69.20736470243689,18.463245734736923,48,147.18705184139648,Gold,1
130.59554113736561,25.802979433853523,256.2667389539426,0,0.48785404392636245,43.042741032099016,89.01411373960147,20.62521138361526,34.2107620863594,12,5.765306788826215,Zinc_oxide,1
92.16167670276528,35.98399306335392,82.40372256916392,3,0.1097361986775035,31.69465877911193,70.77213502675275,39.1859373188026,42.99576197798217,12,117.38073444985238,Gold,1
107.67052378042659,18.0575606710688,151.93323945651073,0,0.547959488973693,43.459596085871176,6.220322616470275,89.56747776187787,83.09491710550684,24,188.35337326370703,Zinc_oxide,1
7.984751672891354,9.073215674863192,74.15073812768465,1,0.4543773345599609,77.38796557301563,14.730304427897034,20.431638339897027,11.98910934727121,12,35.707444155188405,Titanium_dioxide,0
145.63692856348916,-6.54055709675049,296.4237223190276,3,0.844357082739616,60.19234310151316,0.7841590771916818,50.780506395877914,73.49258473948942,48,94.85824865936848,Gold,0
125.70418291606116,34.61827866832107,283.7772085091178,0,0.09808258078424459,89.2523289954846,63.09217902291634,41.9271661166022,53.14549141893053,6,19.192976371610495,Gold,1
35.78917104835004,29.28511116003267,21.43377529686671,2,0.4882411370217782,44.33800143791877,44.767342541041835,1.8124041045729733,28.794534267599246,24,125.51070054000917,Gold,0
31.364620245029588,-36.38250639150485,214.61680002954967,3,0.15004866469398426,60.7089578718754,13.427485090227552,79.27581135728128,49.281958453282456,48,110.55580443864889,Silver,1
31.593653928747905,-37.89064204021984,278.3220120505431,3,0.32467592689006,63.130755309198875,95.79341210567705,6.904590631459973,29.994206977702266,12,82.06573931835364,Silver,1
49.11512522913297,-9.882930649756034,62.366850086926725,2,0.7373570773877997,59.16971623063255,52.96597239456199,47.42550209769536,59.608195523830595,12,104.7540272732745,Zinc_oxide,0
81.08968258667448,24.844266462546628,174.70411686026256,2,0.47601812936876653,70.26337730855164,24.189329411288917,56.06782949389499,43.38439228552442,48,179.41835703533303,Zinc_oxide,1
67.63202770310679,38.98209034519556,275.4916063005321,3,0.37588828514576933,23.74334683748063,50.06035711547076,62.842645661458704,16.440552907887874,6,40.06256615990234,Gold,0
47.22822532871608,-27.966648711717745,19.844333789881667,2,0.3944762785700353,51.23637775457907,67.96203327351078,68.86316293078755,11.658307455569672,6,5.490337829364099,Zinc_oxide,0
93.71866973474502,7.53045722817081,212.25187750158358,1,0.45944676840598664,10.422480280834767,7.623921797356448,25.327238352271507,54.66956820721302,24,172.4713120551211,Silver,1
25.226609794546064,-9.528731469518277,96.23121213803972,1,0.7850165438370569,38.45113276448126,27.4703815047892,0.9978776658449373,90.24130332861034,12,115.8462993951934,Zinc_oxide,0
47.36097403760663,37.59315182516826,278.0748966591938,1,0.8920846889402344,48.76670686212644,80.69654908839937,72.3443662354912,34.395768655768556,48,178.24103263690665,Titanium_dioxide,1
58.122467277585294,27.36951385085669,291.60689109795663,3,0.9553346865039283,65.22242595454725,45.966487040266124,53.56565993475786,73.30001072226231,6,119.79209945922135,Silver,1
71.13014771147022,27.06629637689103,283.83728184289583,2,0.7869033862552951,95.05310525862035,54.65771420322949,83.61177032072487,65.8661354939767,24,162.2220569019808,Titanium_dioxide,1
118.85051440198697,-2.504547216402379,147.5221228306645,2,0.31540689574801273,60.06510665483559,43.28160022094693,82.13883629006943,93.1554914309481,12,86.50499930767444,Zinc_oxide,1
33.952698412962164,-6.814439812986784,259.9923687869009,0,0.6881347060865421,74.35939161765597,4.389994264300512,84.33261677878832,82.09810172991409,12,150.2221263263655,Silica,0
79.56399356997369,-18.1274342455435,254.9193255751704,0,0.4376031240553919,50.626605949520275,16.574977982015593,48.50946599795402,56.660525890546296,24,182.69525191108133,Gold,1
90.90011248499616,-35.48996026792583,102.53913724054414,2,0.2546706220460512,63.41040313763313,44.554163874189086,33.362839583686565,65.70304982341074,24,114.85246978071905,Silver,1
11.73530984439967,29.177790100404252,250.38548750369642,2,0.8408715794259226,7.093221613377343,20.918546540792782,79.155820259137,89.83864665840349,6,36.97624496191353,Titanium_dioxide,0
93.09400352570856,25.032080730406207,20.732214067492862,2,0.038426348962324997,25.439158084184697,4.997902865967873,45.12941130292549,39.95187845869348,48,54.490725391009434,Silica,0
29.725997934657272,39.977413862890444,182.9182647597954,3,0.9017619921354235,36.185309320513866,84.36496640518237,18.34421964034345,32.679470585777736,12,40.53027080258375,Silica,1
14.43248098286553,39.73094696591244,76.70256281343389,2,0.46147746462473416,47.249335500651355,98.11925291641158,85.49740195614743,1.081108363519634,48,50.12454849155085,Silver,1
142.58840290173333,4.434536448210196,44.964396875410856,0,0.6372014768082804,4.564874550238374,79.31428739967394,88.25598767723473,82.65510741914642,12,61.97667442085624,Silver,1
145.01664479581112,21.51899321444084,32.316428472470655,3,0.6593539222057827,14.002409755331769,85.3784921704667,46.63097561401701,80.0980700403365,12,111.4716235638845,Silica,1
122.21761547688686,35.58125839059424,211.92374500466053,2,0.8951177407065364,27.68143077913058,24.197713031704538,7.569972730978747,10.445451810015138,48,118.01033426330272,Gold,1
49.16899653013875,27.971791254192922,108.56373949273917,0,0.6366696821672073,97.15326909010507,96.06269755131997,38.782608991693124,57.68573811327003,24,85.87344970113037,Gold,1
19.16245653092566,-20.21215186054419,220.18236374334083,3,0.6139335847600618,33.134700710305076,19.692570445342838,80.35376594626034,46.398169816688736,6,123.46873518434624,Titanium_dioxide,0
104.21378884426275,-3.9564691751925167,28.953338831693287,2,0.06665204056068996,48.20410581120825,95.14298103618323,90.17740285462287,11.870909550911147,12,17.23341019666182,Gold,0
68.82211159224218,-29.6672467878804,101.434197970877,2,0.5184080219452041,19.609771273839293,99.4819293965951,20.347274249759582,98.05682270607235,24,18.469859174573834,Silica,1
22.69554405249293,36.324082180697786,166.45247478884778,2,0.15016900081704165,61.07800710757682,71.17228057460487,6.697361202527152,21.469588746335543,12,35.19406261117403,Silica,0
76.80065196613418,8.493970756070404,239.30971780329943,3,0.7374337687214856,28.068321551597432,98.1143731791822,87.73504531328386,6.723418009056115,6,104.0974221100286,Zinc_oxide,1
9.986335561706667,-21.70857555972298,102.43822585030027,0,0.5122219208126745,20.699257843842677,56.95397795671037,38.94049389788753,59.48473795019096,12,43.5849410609644,Silica,0
136.8514583014234,13.73605475246854,191.50849916673263,0,0.6802277792083533,51.65726284459791,25.954178317609035,54.176096426756324,73.88666771330327,6,57.373596295022885,Gold,0
42.52309733200245,9.450259236631666,266.93354698849424,1,0.041672900602384266,0.5505799160420821,43.699588566562085,96.80658120507589,3.2443446047186963,6,80.66225439842582,Titanium_dioxide,0
101.06573123132739,-11.346982557372762,188.60032457286832,2,0.08479201604580322,0.7664032649225327,59.35609353787859,6.656472791422285,65.87176387270222,12,162.56135867806557,Zinc_oxide,1
50.19810603296459,-30.91539262402968,77.5582476785538,1,0.7163233880626823,21.906880910185777,7.308156202701499,64.83180074520956,53.22918759514545,12,3.7585650466591636,Gold,0
80.40986307078256,13.72585564742397,17.076226651396027,1,0.07208433599867337,3.672136250082114,62.234326461724606,7.410542257486707,10.326500887504842,6,130.22638522708786,Titanium_dioxide,1
84.27299050477555,1.6246160723034677,262.32867343126964,0,0.0712567277652586,10.802575413069137,98.11778367622945,37.54689284665004,17.252387694636205,24,134.10642967709637,Gold,1
31.80389605120142,21.785471338851146,16.16812914661227,3,0.01210847523488745,33.88606493387516,19.010764978372762,80.38145451934467,56.79742973160805,48,159.93250029097067,Zinc_oxide,1
145.58977102586098,1.613080088959471,263.6634850784178,3,0.9565013982994801,80.25856795798128,79.25951162883833,43.34722327556344,29.63576135132884,6,186.61783487300232,Silica,1
117.39425938736161,28.174520025483204,163.39176886789147,0,0.737508359459007,57.204864336930086,90.78987937796194,99.71823539029504,93.8315728651316,12,5.007431940908676,Zinc_oxide,1
141.22734652680742,4.152547101958845,282.3296325687399,3,0.35325140850206416,51.26677259564164,94.37015928202209,55.905928494660216,81.87402294840508,12,31.60295739713002,Silica,1
134.74996581200907,4.875037722830903,241.64713837436295,1,0.2965355812876552,29.348882320812166,96.01356044054472,32.11621526359535,98.3567206513663,24,177.3480875171426,Zinc_oxide,1
91.69549692760735,30.132288212667603,299.40089205466785,2,0.34970322974584955,93.17537194328163,52.14596387214719,22.011132590475313,25.967083895041398,48,92.24519387521606,Silver,1
138.67176407835194,-7.721370703008233,111.70642648099594,0,0.7746535311811819,39.70150412371917,97.73079079915037,35.05205342861618,96.9723632797977,6,113.35353714775924,Gold,1
17.831412797528326,-29.27878172394874,232.4846037900268,2,0.6613706110704144,8.70927667957715,75.73102071344388,37.25332737595508,43.12338697915579,6,132.94241354090633,Gold,1
33.41751505077605,-37.69738589493288,126.55996494668022,3,0.18519556786746794,61.70665161178013,16.16714362369619,6.8713677723960975,34.751879531375465,48,136.13425429463183,Silver,1
11.55795689202802,20.410980453889522,149.16392988813357,2,0.17410933533408435,11.38383934766014,47.690010646797,36.95741994267732,5.034952696935324,6,186.41634025998513,Silica,1
52.17289796067333,9.624764108277176,191.97658433332734,3,0.09839564971339732,34.52231428016921,71.8331175372004,46.423851973922496,5.276525785960262,48,199.39293406492226,Gold,1
61.35820700497489,16.326381447937884,263.3663631140382,3,0.6603027197013381,50.74119387178089,24.734031581908333,72.27377522388046,69.20112559466547,12,144.3113347252571,Silver,1
44.345609607214904,-22.962867079287143,295.38420606779556,1,0.7643726622217359,87.42225246851758,64.06151835488873,65.6729484721608,45.79289944340279,48,58.15702063182501,Gold,0
125.16693882702975,-29.09028195305842,232.7992900207103,3,0.265046428325004,49.35465803401187,66.66004790466192,70.87656552291543,22.65216260361057,6,176.07072805657438,Titanium_dioxide,1
56.72923237057044,-38.836426746569444,131.1523668285268,1,0.020944961030912812,70.22587660316643,16.26997438085659,0.8363681876857099,61.39703063252326,48,10.79496199361156,Silica,0
45.73550390467021,-11.952995295472242,132.19353066035035,1,0.08217166747642735,99.28168389990704,56.50853124527563,21.766739958053606,25.285811825011116,24,46.985089722024746,Titanium_dioxide,0
83.69093205794603,7.193414948370645,223.89886746077852,1,0.9678600348450305,13.148911989798162,77.16269109786077,66.16842883998565,57.76317543444226,12,179.57975777527926,Silica,1
25.434012621340585,-8.620476392021416,79.24537227280767,0,0.29544477747742026,27.47315255195195,49.88956645359419,48.398936817974715,35.92087469826903,12,51.982111373431636,Silver,0
121.31856220933575,-5.002006238101671,42.03749280810445,0,0.7692231478381336,39.45760755976464,1.2103116776107425,0.5313475668345946,82.3552226611819,48,44.90956086472794,Silica,0
15.80984333356677,32.33269555949987,112.84042571582519,3,0.6246635688542638,42.18281785388314,0.9038469079292177,80.44946424318223,82.06961607667793,6,28.4869333349092,Silica,0
148.09860580707502,-12.13956263813597,93.2993075796837,1,0.3819396396528959,41.102107526554576,35.702934397001215,77.28095732903374,47.73503981224013,24,171.96323977173637,Silver,1
116.97549154801533,1.1191591327848656,95.92935493223713,0,0.2056872621955551,90.76110025565549,92.6194068431782,54.841916299356264,35.08191093350156,12,100.51159357902625,Silica,1
33.813773822455,22.692241019291444,77.74624780447388,1,0.12138641815940643,71.40326444668564,22.867677960360876,6.646332577627212,36.25597965590946,12,135.3037474077768,Gold,0
5.800706982922348,-8.276577414298387,22.207024994544945,2,0.6150129680388666,60.79052140907037,63.43636888716871,76.65150495325847,80.57145256682179,6,48.574210430930904,Zinc_oxide,0
123.24190712595096,9.766936018229877,15.183441072690005,2,0.774633780637788,30.93727178627821,22.207587069332057,58.37135877313639,32.8179482797612,6,151.85004378123207,Silver,1
107.49431485790448,28.98909669973962,296.43949302344913,2,0.6439042535411307,82.37903842212947,32.16699896595486,78.19599771579591,20.9059373706846,24,152.2411034474576,Zinc_oxide,1
110.70603936594316,35.961649892611376,134.0542087834001,3,0.5303021332491583,95.5060511484989,84.8042089601484,75.17469923958404,8.468834187530682,48,63.20700695675173,Silver,1
116.83420026946213,-28.234121525676965,121.45472767630768,1,0.041951223431636264,82.11982825502265,72.88614422699469,80.30020719578371,46.66931208844084,6,82.72584396904628,Silver,1
15.736474501443102,34.127010012919555,207.09771198099025,2,0.9684887775943838,0.15651051914729042,9.539927731321063,51.80080664046248,48.213209891984185,48,42.72836520860997,Titanium_dioxide,0
56.977530638919525,-0.6306965536369447,73.29362748086861,0,0.7987141916545746,63.6401370183407,42.87020209864336,14.032451819351499,84.09087104029072,24,195.33564364125795,Titanium_dioxide,1
21.80101363114381,-19.340448936083334,285.48874334556535,2,0.29282203670096474,5.1135381442100725,2.916976364526447,67.11574733796887,22.123869644606398,48,129.47491283462392,Silica,0
130.14999675196105,-3.2691395009390973,238.04005418051008,2,0.9799703293588506,25.760722033372186,48.0890146603009,62.04737850519706,38.099127366839994,12,186.9742322623876,Zinc_oxide,1
95.3782283899959,38.40260602283817,35.92919067055526,2,0.6018815896363221,5.952470034777169,66.24340117010681,74.22531871990871,80.8405738893691,48,61.3737231821975,Silver,1
52.980213603634134,-0.5905524805704303,131.09842497762924,3,0.5824226582072465,60.37954529493877,11.850262359815156,16.98810060507353,82.36236107489735,24,156.59629168638105,Silica,0
14.215960791473426,-13.699871176999345,264.9443091930277,0,0.7480731794295321,68.65899134926067,28.888493890916568,19.497519990028923,38.46110759787682,24,153.40587013306367,Gold,0
50.09243664877102,10.672068345338062,283.972286464509,1,0.8117697880901376,11.448763806590511,39.783662550215695,89.04095172193284,45.91240232866809,24,138.63947472144176,Silver,1
52.15158169387832,-20.788350497744553,145.54643826246223,0,0.6564786073315027,38.38388830449795,91.95310246560497,74.99777984520708,30.328589084928293,48,193.1621560780933,Gold,1
110.7928958590193,-33.93093375130689,187.88930287110523,1,0.12809574636620003,45.6236508955542,99.32550154229641,90.82284887003229,93.2554878419312,12,79.31751188515679,Silica,1
97.4458333465059,-29.689622247148062,58.43984436670181,3,0.3382675059944984,36.90530217609166,4.491129899561585,75.87153211639207,11.864376574158031,6,27.012747394361703,Titanium_dioxide,0
133.64584767356735,-29.756332883378207,297.4389015797232,3,0.9280836403260497,12.102500048519305,76.1007923495392,59.71553059903019,93.374942300147,12,134.6700629895681,Silica,1
73.47116414848264,-27.84778451901645,77.18479340119859,3,0.22461561184385193,41.89477901874754,37.17240664023432,65.41327370278736,68.38664518353433,48,146.13265029496404,Gold,1
22.341165661053747,-28.89382618804719,283.3922144991864,3,0.3721670238375133,75.11780478084181,39.245818622948,88.91279239400099,53.15721526867312,48,115.43705411830412,Silver,1
108.42049414733428,11.269979584257172,198.39752820778685,1,0.432076882944196,7.100766453325546,75.42649733470228,57.88067545119405,3.2659060784495875,6,42.15676073354586,Zinc_oxide,1
115.31383204945013,-25.449593248068414,186.24367051486914,2,0.4394049896944522,8.018001408190345,91.84264321454087,63.239132432838744,47.55961918220083,48,101.38673239220172,Silica,1
86.38519364757695,-12.346617334090944,158.6796681947875,1,0.6129395824945255,35.47712918359842,95.09285945025483,15.647671600360058,40.774810500273226,24,63.12575757725675,Silver,1
116.79024109341134,31.743072792480945,76.89424539815002,0,0.9430758377447076,94.1725711618925,57.712258603832076,47.39212201161027,16.121881197512256,24,86.06583910517112,Titanium_dioxide,1
76.60036147283665,-2.0830687789702154,61.19312928159739,3,0.24069271183250496,66.85726467229141,35.71211593005028,71.6397111958099,65.6409603500657,24,129.3984965930881,Titanium_dioxide,0
80.79626026038913,13.40461908168217,73.94100063035086,3,0.12150137630091806,67.86699566725648,78.75490858587793,27.09426983163654,97.11509073682858,24,149.29773379547606,Titanium_dioxide,1
66.9934476619897,-26.214410303869613,64.0670960218338,0,0.19747048985993731,36.1919990837865,25.100138326230027,20.22541805245349,56.218881106452514,24,47.21271348936728,Silver,0
8.685773377893803,-24.616878495306338,236.07949733435845,1,0.8869249002092695,59.36607912085384,56.40740288335178,31.382680822441557,71.47532764439458,48,81.65974676874372,Silica,0
20.644256914029146,-36.73051069868169,111.53632515835173,2,0.645810812655206,1.0131184027743378,35.85784615248732,24.150062799283344,6.845045256601678,6,54.563152627334205,Silver,0
9.557231924576467,-26.485194954226834,26.774376203384946,2,0.28590678923916013,63.60960464095422,65.66310737078761,21.491263703639586,41.76669958169947,6,40.527691158511956,Silver,0
97.27950963324815,-17.71277287744331,291.0397627408353,0,0.8159469389686173,91.32869475762368,24.03989128935069,42.48508428680869,11.635848516449588,24,156.89405677917185,Zinc_oxide,1
50.58161725606737,-25.839161257860255,266.29790663939343,2,0.861369996363436,61.25734683448192,19.159294573482576,90.78385138835341,61.27958355365104,48,181.94128619296148,Zinc_oxide,1
78.7427502188819,-32.90379729943555,279.04816212661177,1,0.846514338690278,87.3698593466345,91.8239086675437,50.705964673871826,93.84821582141547,12,74.67620495123077,Silica,1
136.5971387192835,-30.349130311951935,298.52326856746623,1,0.9189265336395545,72.39730554660937,10.18036829495369,18.792038081532304,66.17777324716386,12,150.5045059503796,Zinc_oxide,1
41.147373226586865,-3.1376985573819383,60.42962227365131,0,0.2522410201733616,12.055841640369025,50.595790773493164,7.697166938087408,7.680304831442153,48,179.5020625835178,Titanium_dioxide,0
64.50552384016632,-23.4933025275366,124.91018548177104,1,0.7550419287462783,90.24533072858418,22.085278296300892,69.61561451379252,35.466620498508284,24,169.37871789551608,Zinc_oxide,1
114.55491508874206,-10.858411116153963,229.8891579541865,3,0.46053949727414,6.644384435577488,3.892996332566745,38.279876443638784,55.066337944085156,6,37.37986431930596,Titanium_dioxide,0
38.17573399628526,0.27338166838855216,211.84597923559974,0,0.8419985528900615,53.39674725477638,3.601881829142639,82.18309465853592,40.320775613325225,48,191.3020844211589,Silica,0
16.162086925174982,15.231586290349227,54.62981283855797,1,0.7284906771616132,14.213712379345766,17.522177210582733,65.95107686407702,83.36440104751723,12,75.95861164546304,Silver,0
47.01396067249637,-36.855028812712085,246.59160624727915,0,0.7764474464997246,1.1706610730904066,86.67703545060003,79.62414505413685,81.46710047099891,12,68.50889157359343,Silver,1
28.37708665183064,23.95283191272341,75.08776583263159,2,0.6561618376810715,42.2034260127639,28.247874397702667,27.194603941844875,61.183102010322145,12,13.423834128278287,Zinc_oxide,0
139.8061595896731,10.232031159272623,74.90710829856069,1,0.17742876946970687,29.504070765415623,95.04591705752958,69.2358922461058,37.345794513270526,24,97.74855716687172,Titanium_dioxide,1
122.17745503684046,-33.45927744409025,165.72258263908995,3,0.5450269188969383,48.6000493797603,58.16222929891936,26.406198469371876,25.533637376324414,12,22.693709512544814,Gold,0
96.8435446940114,29.886289928542183,181.95258110409392,1,0.9846697395245082,57.71998867345508,43.66141897687661,93.90684794502916,10.587431821312931,48,50.45942436455777,Gold,0
131.36178557721905,33.669792042545055,178.22500027296525,0,0.9373880664971189,4.373907230894735,58.00888346694546,63.63742815333744,35.4897683486554,48,64.071581731689,Gold,1
121.5324511503716,-35.1137632116109,36.53118284534891,0,0.04317373579701167,12.300329512374564,51.669838522626776,32.451180017534206,41.31725172077195,12,161.95643837484513,Silver,1
32.0526585384752,-17.849788148223702,264.46365016281027,1,0.16481481572943713,55.86423964504254,75.87762537573252,26.951186229227265,67.58229251040736,48,175.2222414287834,Silver,1
134.42105478104676,24.496102383444907,87.02401235072476,3,0.1317287734545619,34.316735317265824,28.249606597285226,19.09265850716435,65.81598242975734,12,61.19079717483247,Titanium_dioxide,1
83.20462507776935,19.860775230692667,47.55932717201321,3,0.7259799099852955,72.9173487549448,35.30503916003024,69.46409588937279,7.0108139641256955,12,171.8809261276702,Zinc_oxide,1
122.07882249878907,-25.238318451489814,267.7369431620034,3,0.8177853298569451,65.22916485919397,89.40943025332507,21.87156129979273,39.525931543115775,6,171.58895653658843,Gold,1
134.9332384889065,-23.252054133063176,287.1389344866285,0,0.2135113663106719,84.56043629899068,94.64565131504055,59.53032659274891,18.177886721736193,24,153.16553912658983,Titanium_dioxide,1
51.11050387092026,-10.362231776689441,260.0170090069807,1,0.505852692951829,69.24928266692253,89.25582274864745,26.463502692535734,15.68127053168057,24,30.192327689021127,Titanium_dioxide,0
20.95752905651313,-1.2381611847182938,244.75966167021465,2,0.8407030280112,42.99310773901481,41.94479939573136,66.19689447938686,82.73021497372459,6,138.37424653324507,Zinc_oxide,0
38.05059856858154,9.460381722423676,200.0201743853163,0,0.7328015447662506,67.29666223944324,78.03655030068816,81.49397285405392,4.191521671625753,6,189.05978885153317,Titanium_dioxide,1
66.93062935080717,-10.486908834418209,169.7486374766504,3,0.5422372054918483,27.538117425541852,47.63357333010988,77.80252431446532,41.91828759021213,24,136.82555527466425,Zinc_oxide,1
123.6121410587615,-2.997222709348165,35.22616037430894,1,0.5903476904587729,30.63134987782127,49.75398521461022,76.08513309307817,16.82036557665182,12,66.99175297245895,Silica,0
129.8059345721698,19.79767505070052,128.45143179050262,3,0.50836054691628,78.89851599207933,20.468010905728395,18.772240569225207,87.9330215678474,12,100.61528416873543,Zinc_oxide,1
6.0080589270226525,-37.06534376875217,118.07966993357105,2,0.2975484513188206,44.64195164015822,59.113030325851646,8.838494698451871,55.704051327503514,24,129.49928362685966,Gold,0
79.05835887374703,-19.80504445247834,85.3285972904946,3,0.5650219928590161,79.83803405183525,18.613589775334795,69.89488284873856,23.1380636376848,12,102.6035113369722,Gold,0
65.52459545657295,17.067966870764195,219.79183296968964,3,0.6888853020500907,82.24223736682784,33.15646990671938,36.83472137943513,50.24272871663764,6,24.870635404462995,Zinc_oxide,0
37.20563251825589,31.61654701497595,153.80396317284354,2,0.8733229158608077,85.75623376612837,85.50302016199352,43.23462264033473,73.14863597031159,12,63.10074488575211,Silica,1
22.380478263384006,0.9341953692532883,33.5034026132179,1,0.6362913539792481,91.66352358412072,20.707580921085523,3.1149092793391064,95.81180089194338,12,160.67681008017286,Silica,0
53.954199853526056,2.569078821225254,73.85312856544529,0,0.761121537043158,43.098522051329624,7.115828517343282,25.95764492750492,22.044600424541894,48,172.42219117300797,Gold,0
141.72190706731527,-31.426239092817916,208.14504146128283,1,0.160071634954573,31.886681832113883,6.90075926128163,3.3676403874464023,88.61817721293451,48,28.322706510398476,Silica,0
51.864425143009505,-4.2070106541236285,32.077949252187054,2,0.4615574744197899,58.21987465941139,94.07845205031079,87.91857726012476,93.43041141674902,48,190.5249637273462,Titanium_dioxide,1
80.22464015278808,2.6093813164018513,256.8500050741429,3,0.009331619827093296,37.117242343762754,50.69204379618346,24.339668321853047,91.64205445320663,12,66.43570095187326,Silver,0
106.93774903980079,-20.602359709221627,153.59249283405256,1,0.24667886452162302,60.1074166800233,40.941207181701834,55.73371695730081,63.54143568619099,24,132.8004340074133,Titanium_dioxide,1
57.726292344997624,-18.460541524049525,149.37010742472793,0,0.7264617151130048,70.55858626438246,81.08785810079185,3.897932066113041,62.982065443470766,6,150.61320404537955,Gold,1
145.9084019945393,-9.817266951630188,181.7982575512601,2,0.9918099513493635,68.84050184921368,83.5825927910516,66.6847391305658,40.32106331838228,12,162.5773006929388,Silica,1
144.55485776660612,-38.39430417778189,249.15748011829325,1,0.0991780995872159,37.45528870201213,33.21910331156046,32.30273457540939,75.23978823037879,24,189.2041907429601,Zinc_oxide,1
41.5084328946778,-14.233666753345737,110.86467029163599,0,0.40149431586128825,16.68602016987528,69.36180574737952,89.79191869576658,53.12940183509319,12,63.270990057735695,Silver,0
77.1010333543959,-23.08415944027643,206.62468424212844,2,0.8000709686991595,43.05293384622075,77.11228158518865,88.81181889340358,67.74380712282945,6,171.84278445575936,Zinc_oxide,1
48.627354923431604,-13.80021182576683,174.0622695587794,0,0.20403563462889884,14.259414408190874,65.46506868659546,32.529061836174776,42.84579038487954,12,27.2056937838052,Gold,0
46.3018716847328,-30.419029454459903,87.43819834913218,2,0.5550849493022862,89.00970351838083,15.159507480009937,90.09608956904678,73.14964640431391,6,141.30314036436496,Silica,1
10.348607366407254,31.242182459191596,264.8026960429958,3,0.7330712960296748,34.58774607378574,87.5883083517057,99.61576734987788,82.4471517604549,12,148.6535681732832,Zinc_oxide,1
93.38682842708505,7.487396284323893,241.25354626600915,1,0.615985450260179,15.445974722332378,53.90945527360087,82.5415664123948,14.64362566028161,6,135.86692499906277,Zinc_oxide,1
77.88845836818491,14.328185531559171,200.95103205094338,0,0.18802473461541613,2.5447759905750877,28.24724263700037,84.4871347755229,83.2929715574228,12,51.21063249089544,Silver,0
12.464418931248456,23.133699088587065,256.6687014373301,2,0.3553845686857394,64.58223862864843,42.52281854376939,24.90087361090899,54.029653179030724,6,174.73558625602547,Silver,1
45.40373731430866,-0.12462408567542127,261.51531827834265,0,0.7837917844853972,63.69023174547432,3.757109039890738,57.67023988577563,84.46659090902243,48,34.60283421070861,Silica,0
136.6985534651648,-33.0463769530061,215.42526324736008,0,0.5542265141320166,34.060416658129164,12.786680122241755,6.725591396736785,43.13017063410146,12,11.673323512645336,Silver,1
39.736474146711004,2.968523345483824,252.73386522546488,1,0.005229613542912737,7.171188884765101,76.55467505158609,9.491793682166971,37.904048538303506,12,143.77553313177052,Zinc_oxide,1
26.009756453227347,6.947289441670328,212.26672388409224,3,0.7609907600280938,40.9628894895232,0.0011634755366141114,99.88926120332906,91.50607325172224,24,95.619667331314,Zinc_oxide,0
75.97065024024664,19.635157934746402,207.24082381048711,0,0.03531135494023907,31.12174950633936,41.65658284822922,32.663924942591095,25.11692675484013,24,169.97050597177653,Gold,1
147.9193158460371,-5.467236301625647,189.39729968240346,2,0.7457337827312321,67.71206397350093,52.251018108558846,74.81839120488463,84.42123252861431,6,77.29603107059353,Zinc_oxide,1
40.09801436916756,-29.7935757763549,228.28782547171596,2,0.2024805601652374,60.57792494526903,5.4634420000972295,80.66650530268164,48.40205725094041,12,34.48743911303485,Silica,0
102.45965437385239,-17.297927536102044,55.99548053499137,3,0.9580734801193802,36.459372819754,97.30781629723329,85.80232710072292,51.40954425512597,6,167.45199630150407,Titanium_dioxide,1
115.43484422266405,-10.953416288109192,265.4525201676893,2,0.3679407513020845,21.78925542549901,22.612533124967193,99.76282974021565,30.8468281489484,48,110.23301669637426,Gold,0
39.457443878897955,11.673379306528098,262.83462304611726,3,0.3269316163380791,98.80359661555919,30.419871963628086,24.149648525686786,57.30422006190157,24,38.64996268568062,Gold,0
110.59137054871964,5.662264373512954,18.481712080022152,2,0.14888805033244468,45.40016211961149,30.39425122550273,4.035082685969971,32.52111962762113,6,144.3564157187027,Silica,0
58.328554244291716,-11.5122619281723,249.48685766378117,1,0.3056042154902149,68.82742357802371,23.04166621173499,41.1191517994586,3.926941424165231,6,102.7116140594106,Silica,0
96.68434543606902,38.92121990343837,47.372261567299105,0,0.8766507618282006,14.055296757836079,0.1473822086311416,13.008066982894695,27.199860534435604,24,121.25828346582364,Silver,1
96.86180806032974,8.46198554855097,107.18446773515115,1,0.9963343376272473,48.55896996593978,72.93447940879963,2.2425889162055124,0.6379043406590679,12,92.7187693031098,Gold,0
82.68732919083998,-21.02185666112044,225.61739432456625,0,0.36830953050684834,2.7536719869465487,96.68454997992853,36.04268271414861,97.83547870568566,6,165.91308777978327,Silver,1
18.092016657889204,-31.8574021903677,56.62036985400938,0,0.44861063095454257,50.545511791044994,22.429348328504506,78.37382510752364,96.57472098197475,24,166.08298042092693,Zinc_oxide,1
126.11886186043951,-27.77126886525344,247.21043699452804,0,0.722070938202737,96.40174071177023,66.30471918034225,56.61806912250709,39.5155297472305,12,142.16837554305286,Gold,1
51.5131094209017,-20.32338172923935,251.31891160774515,1,0.8861957804650745,38.420671298580025,74.18963269587151,31.277798921035405,72.8370854339646,48,21.974874101895992,Gold,0
32.04518400797886,-27.145490139235548,157.1656427906425,0,0.5930443341867842,3.8996012574911587,84.84253790905247,65.43420054927196,34.580609841042495,24,167.9319185189097,Titanium_dioxide,1
10.912395525440768,-25.07463807589554,11.851902797881738,1,0.39152569817782934,3.095579091934353,42.262919701360914,23.20181803088107,67.1093157085976,6,134.53158312604904,Gold,0
90.67947676229507,-17.192386504492234,93.2410586207247,3,0.41262184084862374,38.798675994686946,30.293090564042924,1.4381446072085025,80.54300430459791,48,139.70780903485561,Zinc_oxide,1
103.24683246713094,-26.130112376419614,188.90880632896523,2,0.6956181464968069,16.002493646319405,32.52951340230311,76.43533864364274,94.67562446922408,12,73.23358524037046,Silver,1
7.4052351945391415,31.74123397011401,294.54399162795283,2,0.0032182636042786816,2.335209632818591,71.26213330985128,62.374308486400906,40.0212275849672,12,175.97663167524433,Silver,1
79.25349345339575,-33.58130034706862,193.22592283483382,0,0.6195893374598407,75.62136139501769,81.6779466505636,76.23026245009599,78.32979829560477,24,145.34894844673664,Titanium_dioxide,1
37.841887403701,1.9609111656203737,85.34303850860634,1,0.3554930104413574,45.85230088818907,18.161396775660265,3.893801668766561,26.59284506321188,24,23.405502839309698,Zinc_oxide,0
98.55005460937024,-7.168253840827077,193.86165389888728,2,0.7941973312770843,28.924477197265453,37.09410081577652,83.71196278306522,99.03323037936484,24,82.14782884682637,Silver,1
30.28313220572376,38.590289352688515,166.59576011759808,1,0.09299063982313216,90.00831830164807,90.19401967491501,61.95262000363033,2.5769598764351143,12,177.3896920300682,Silica,1
105.18597202485756,-31.036887826555812,236.15516459383164,1,0.5882022669483905,11.613896020052561,80.66935196947392,56.33953507126401,60.3528806501121,48,10.39214363777842,Zinc_oxide,1
61.07662521357793,-8.171552076340667,41.02438525981793,0,0.48097288988612374,95.59188289553192,98.48584027624759,62.46140481145316,65.95059816513272,12,192.32190730876786,Zinc_oxide,1
140.8258483668265,37.557634662029514,230.6980917255881,2,0.6423255259052274,31.396671737735282,75.42482596820807,86.4433246868364,68.80455570741289,6,136.153351095593,Titanium_dioxide,1
24.940536901169022,29.24057007151842,166.96730781607198,0,0.06485359448296835,88.84036723086813,39.319520102792225,58.69365065589071,12.038757878908902,12,126.64381955103194,Silver,1
54.45462090228748,25.3657656759424,289.26768111910843,0,0.5799837874281313,60.294287647946156,59.06378339946377,58.095037988817936,93.85297834731304,6,54.841292041110286,Zinc_oxide,1
21.453660579885415,-19.367773836404815,109.14292815121897,2,0.5614845879595237,82.67073597414874,66.10142542473203,99.06791570657658,18.11832790500828,48,50.509565959096236,Silver,0
139.0805746503916,-26.328993008794733,193.46034900884496,2,0.5606600944161709,98.40131632104642,7.845581631712395,75.6730167068568,62.27534032398411,24,188.4695856782305,Silica,1
132.21420624024225,13.491457593954479,280.2881505979051,3,0.6034876665964548,28.840543781874572,54.44969591038651,44.22938054511353,22.267607912308495,24,60.35621839259043,Titanium_dioxide,1
42.40153601869756,34.350079130206865,39.72782111729698,3,0.6764679372263622,96.1135485407593,70.93208284726096,70.73970000329277,30.72164170212709,12,155.32555404708089,Silica,1
100.69768667495596,4.541031441114384,281.7962612985708,1,0.8049889996807698,38.94818949024204,16.732130400106037,38.92304716917885,54.645854172812435,24,79.23123784320875,Titanium_dioxide,0
123.49721902917629,5.729015157591988,209.48685946723586,2,0.26982072012821434,38.55119047369223,78.06317174255571,22.8875462483499,41.719341856457646,48,28.71156008615609,Zinc_oxide,1
85.50411768192204,-17.601672507177266,29.67274714049985,3,0.8250494101800621,34.03871042545057,58.37727805141116,59.68518768877594,16.02256009765063,24,3.132344241376431,Titanium_dioxide,0
81.79933386162094,21.55943465535495,97.27943441457671,1,0.4982556822634536,54.14076073475852,95.22217856975946,92.81820981139515,17.093640242084827,12,109.30721006603491,Gold,1
40.06858218056549,-25.03650011539813,215.36990570713166,1,0.07705827913433116,15.41450431784871,4.24222982068917,92.91395200154628,41.814478816279966,48,195.1799848912376,Silver,1
18.499901331855384,-14.105661087660508,29.53167442594379,1,0.0585509292439792,55.37114853580112,26.5326137555467,34.19052781054903,75.72829782755008,6,74.45810256803169,Silver,0
135.09628490323237,-5.965084910686656,178.82943345111926,3,0.3342383186960608,54.1704812410004,60.15538792998241,52.7677466221695,89.79646468477885,12,72.08127446461593,Gold,0
135.56061828868292,0.6088302947564017,110.30608651635745,2,0.7848969771114676,76.190181260487,29.65599122059307,21.16358985698612,8.412766225938284,6,69.47423195203898,Silica,0
96.79971130462386,-20.60722140679358,190.06550015256838,0,0.7076809347409158,83.36499619375856,71.44241640712423,99.56311094988834,39.310390755940105,48,104.58822362366682,Gold,1
54.1593197020616,-30.813054020863717,23.265189805628726,1,0.7886149646724064,44.044135031242405,75.9005282521931,98.11179078679358,10.024556372287662,12,88.69231180143441,Zinc_oxide,1
55.63538831883583,8.849603395330604,262.7456737841891,3,0.5172690564416094,30.233324935149376,10.251596406647446,64.95089297074473,1.6592480632597884,12,176.10301071867588,Zinc_oxide,1
110.26357343618471,-16.90955574077954,292.3118010614451,3,0.44019899795549056,25.933489731709447,51.38544642067677,80.44140596774734,66.17186826439566,48,101.59863755297457,Silver,1
135.0809876931237,6.4990577138089805,290.9745780328505,0,0.14745252670628395,19.462383670487192,50.889055559105586,71.51001612837,60.24494419665878,24,102.04380979952519,Zinc_oxide,1
133.627531518442,-27.650982778063813,227.39903120544815,0,0.32819275360931155,5.764758219902488,36.92807702155411,59.31582190394682,16.301911381488623,12,28.535947349390764,Silver,1
118.08195414935545,-1.5087918516146033,47.72500963788327,3,0.43401936617387527,34.244797883471335,93.29248625696721,5.3347996988897695,23.38128330930641,12,196.5651686411668,Gold,1
98.09458869237173,2.607154604126869,229.89632681941654,2,0.08860042967961723,27.024769213078326,82.75063198732212,45.476434255266106,2.370775364451838,6,50.744605282897105,Gold,0
17.200294924282083,-35.854117054205844,17.130205773052438,0,0.22061195271121126,96.64173858664074,69.72093819096368,67.47863021674105,83.49472056944037,24,15.59944942446093,Gold,0
28.436163543718997,-13.071657744486352,16.415829943409204,3,0.5982252940637388,55.77088262500439,71.43266357349975,67.75316138836847,97.46905960485515,6,132.96610354606656,Silver,1
135.2903573364265,-29.24682584488206,103.84696355336696,0,0.7356631142391898,34.72770390305075,46.17161438131191,37.31226184223836,13.545953679469081,6,119.47790766121766,Gold,1
92.93221365064053,-34.930002362178584,151.70652521735306,2,0.9983475113929496,58.0467600993696,92.09945210965759,94.16919866580305,23.147521376529813,24,83.6139851445564,Gold,1
6.333572484411299,39.19681859119562,233.41815116426002,1,0.9331133313435577,13.91967013456955,69.45954272532853,16.7357032236781,86.8409523946934,24,85.01625454225493,Silica,1
19.713373715574654,-14.211692402022162,208.15565921588652,0,0.6425651995351915,44.40437492022029,72.89810616558164,50.03594462155606,92.64637979561849,48,157.2277202882398,Gold,0
101.2077565206681,24.789955668370794,139.311784849257,2,0.421248053294072,62.62343214210638,86.16909037873452,69.08839765508228,41.96273828068103,24,39.94681537983016,Zinc_oxide,1
5.73392965770171,-19.628747618898892,89.3517332216831,3,0.6361773647082327,48.889783179245136,27.4071589342191,69.71358058918092,5.062247226907413,12,164.23041047003306,Silver,1
28.317167455537305,14.52021777791434,299.16610504573623,0,0.785651618080232,40.177880065432426,80.7070903866703,64.86389567688155,3.93918336928194,24,130.1006756651086,Silica,1
84.56639945815499,20.818228791174924,133.59257764843215,0,0.11833619092338732,99.38483888996981,19.524060295649203,27.528821345186017,57.39498660690104,48,84.37498498212535,Titanium_dioxide,0
105.32480366544053,7.6510992486275455,140.9022370556059,3,0.40990488969628824,88.0314762148927,34.53419522448878,15.620656868662197,39.2895108893179,48,92.14769470018986,Silver,1
99.53438262787708,-2.2739049159873304,57.450908145584066,1,0.8398022856356172,62.34059581594401,33.56104542698427,63.594032682671084,2.8652427577654516,48,52.07279423003306,Zinc_oxide,0
37.51904987178117,-7.052726868218514,240.49476913747952,3,0.383832951933044,56.93773611822828,97.85254683891405,59.930211613943776,58.32523923125568,24,150.67075220669798,Silver,1
108.2659870953927,-12.090538676560378,211.1678454766317,0,0.5718722712271865,62.06604798245841,85.65372237479268,17.935601028924097,1.1302536589022472,24,103.06207371874828,Zinc_oxide,1
39.40111768703601,34.36233153982607,74.02318770874051,3,0.5877693608621982,20.131210782243325,70.11698615902597,70.51391455705634,78.73719581492729,6,64.85005400721887,Zinc_oxide,1
52.18295623309382,26.449552623018334,33.89050322859438,2,0.18447625313363936,39.51377432643186,72.70567616153902,45.51719917336564,30.643282270337156,6,119.6139730364291,Titanium_dioxide,1
113.2412537421135,37.20215285332101,207.3447976016668,3,0.3622354416522884,3.945953289089932,56.20727944025711,66.7760591603153,4.02580030092321,12,199.15115595821328,Silver,1
99.19677036184612,-30.056222121156424,199.8082521415292,0,0.33451128874193214,47.554603748682666,94.70906671085191,83.73670797701507,58.835222098315334,6,87.61719365165422,Titanium_dioxide,1
128.1373945216558,18.469398016291542,89.24526282948071,3,0.026196708532064794,54.302458395766315,49.62587528823615,16.972842857692317,39.76844144330547,12,184.2175887549453,Titanium_dioxide,1
100.35386938354979,35.06723654568303,285.75043305261903,1,0.024191763891355245,22.77497361032096,38.05177098698945,1.9144867996836679,97.38004133571495,48,69.65835114498866,Silver,1
87.40474748364339,-25.501354706747186,53.80678861646107,3,0.8316970436757735,96.40288471655137,16.3035336931591,77.91025863957867,54.41986625037022,6,11.891808678072191,Gold,0
18.58284133507341,-34.6802986106578,135.37709230235455,1,0.2730708099728124,90.9454610937242,78.6205652261058,60.96974251526159,27.52391810370083,24,41.64417916731735,Gold,0
58.31879144361786,19.289651943204724,283.6486168486037,2,0.5180787662388154,72.21432354559059,73.44439320755914,69.96395696221217,70.94388646339748,6,84.32033352220915,Titanium_dioxide,1
43.45434331385019,5.957849054392952,131.72092190857546,1,0.29872557358877305,53.33866287653626,38.43550385241349,83.81549749886426,27.149200254271133,12,44.70735079031923,Silica,0
40.37849828996712,27.346302140661763,195.17252482258482,3,0.9406792451153405,86.99691596476849,2.519341395922936,80.28109348245005,90.42432914075651,6,1.045180605432852,Titanium_dioxide,0
146.08653043910462,-28.81820986989684,125.30237540921034,0,0.25929675886577375,13.065234382346292,83.89973277180107,96.09201469288247,37.47219705073764,48,183.08530601175792,Titanium_dioxide,1
61.99917007668026,23.621384948791217,89.52240868111431,1,0.4296568127389351,79.0509794274885,1.1417983454073632,53.59350788521182,54.98685627762052,24,168.9320028349549,Titanium_dioxide,1
134.34675050068142,-23.869814396180438,295.35351790835017,2,0.8727302504846018,12.48208139668483,70.3699779629051,48.84956326599054,5.0573103824228856,12,148.7161540659025,Gold,1
96.51510076960312,-26.90752457074364,128.70686183136246,1,0.8419335667918086,79.42106625494054,97.02571097260571,40.18871998907301,42.61212379522308,24,34.395104533559696,Gold,1
120.24763901353901,-26.858736165520565,269.288769066949,1,0.18610141784627732,27.576756825135696,43.766132814820345,15.369104284420454,83.2363539660995,24,24.952351665787226,Gold,0
77.88237850025286,25.165977618510567,76.68683570841499,1,0.8026433097957104,87.7090581018189,23.497340499595275,57.26072328820224,80.56488053633419,12,14.453345145004247,Titanium_dioxide,0
88.65106327082206,13.215777655696009,71.80036416727415,2,0.45818688673789265,94.40420938253979,70.48710100433817,27.70125243259788,22.431855885352626,24,145.08180856581131,Silica,1
76.41506560373527,1.845233981529546,19.028884036508295,3,0.4829688720853552,14.879596940511563,81.71281420155852,92.13075122129754,22.60790710105627,24,185.83278417688916,Gold,1
33.31023323071645,-11.293561270119802,198.98337935900668,1,0.13347997241594378,46.267560506539354,54.64303160778473,58.31908042770976,81.73053122132367,6,86.67662836169436,Silver,0
109.75555671291828,30.176043265048662,116.87263967989072,1,0.08060151375712465,98.09873781626851,96.70352752561462,59.284018050811014,93.03984201693255,24,24.708993727213585,Silver,1
45.71199255392409,-8.604391406189169,260.6638924534948,0,0.7279393069737652,48.34074359731466,5.166872165796111,35.492466087701004,9.536092127300355,24,102.9661713256892,Silver,0
8.525815132560806,25.327955157726166,147.23087294055156,2,0.49646115235529975,86.35475225145451,50.479559830452814,5.198935197770749,45.005863942622526,24,70.41754958426739,Zinc_oxide,0
98.59348290653934,-4.869207314382528,290.7760940952693,1,0.43685070261517955,58.87315221313199,71.845394732255,3.174376537298862,33.745427896422896,24,75.59015994564955,Titanium_dioxide,1
30.6810485140221,-9.844445646007394,63.80239955390513,2,0.7295082286523967,37.53299079196019,86.2640471149179,42.33351441531975,87.06884554574394,12,124.64479420698575,Silver,1
141.36649473117257,-2.985617146431487,261.9007187071271,1,0.7655128989911097,28.57835555258702,17.925561190779003,8.456537809723786,8.352491468001876,48,144.02490453917827,Titanium_dioxide,1
143.31964366537517,-15.889770066868635,235.2130873096051,3,0.15890816766935356,20.322309108608728,80.00034817636814,60.68469555401391,21.112594255803742,6,23.01011617575901,Silver,1
137.65533658196503,19.80875041410009,233.56733494677508,3,0.6102251494776413,76.17981913776973,55.27070757185453,88.09730056396575,75.24683375864943,24,8.082455930488802,Silica,1
58.673011537039436,0.21763120739833397,254.9871361538974,1,0.13535408227768553,38.65405068230279,39.65536819899632,88.29148165187222,5.129384898121558,24,198.87173023445726,Titanium_dioxide,1
7.241209396685777,-21.422984388254616,230.69695737346967,3,0.7513750860290457,51.12754622007512,13.171502857909356,65.90454101322324,49.25353807142893,12,47.31294143419481,Silver,0
139.60619157522018,31.965965861965472,191.60389327311046,1,0.6569551562671395,49.23254800011819,86.52957589089124,21.1231831472931,44.210703467972,48,11.712274456783357,Gold,1
67.08670150601057,-9.288702290143085,48.0610145278924,3,0.956614621083458,57.727902923313124,15.727320817971535,86.29968313588721,33.44011789887487,24,38.78519049008808,Titanium_dioxide,0
145.16494876133208,3.4842288891190876,19.432592052463058,0,0.06895801635642118,86.55771456245522,30.978785920909925,88.60934353132082,39.457231531892376,12,8.75261142334438,Zinc_oxide,0
144.72489667794167,32.51776887716376,277.0458758665492,0,0.05705472115125432,98.07393435834294,29.004553196243688,19.66535849529587,52.99405869302329,6,78.97036802881716,Gold,1
128.6863710427672,9.939039673119368,188.82859121101404,0,0.28218707469320015,40.758420857381694,87.14140341908544,73.74260857706773,16.136735838838312,6,160.67795510581354,Gold,1
47.69508935008992,-30.648156743330873,240.99581438309113,2,0.26170568373590597,82.7518922106303,67.2702994208898,28.651954892712293,57.19958782835928,24,68.9076455017864,Zinc_oxide,1
60.83917064727916,35.186569889078015,149.64148193863952,2,0.24697879907199982,76.45277946547176,79.66813971913723,80.26403123529296,80.54323292999864,24,89.39249796879494,Gold,1
128.41481736994425,10.216644245713425,44.0193747990944,0,0.9062545805210367,57.352895145557326,25.046789879249896,99.72378999036027,76.01609297901591,48,135.4417679399203,Gold,0
50.95369074766026,-13.20755082743311,46.303879738739624,2,0.2495461998495061,95.60471436119332,62.48740996069989,3.0026005329392813,15.389990469377368,48,102.26991994390616,Silver,1
29.57644826948341,-28.858234186929018,208.8139332964017,3,0.271949726128631,20.04745155284028,57.17459831437487,89.73658657909318,14.92494697414739,24,172.4276915182435,Silver,1
85.73618305646077,23.522015141623676,134.78870952084418,1,0.7593982624179637,10.92642103096214,83.28303767882711,62.26305335986581,26.817436774491334,12,173.34109933410554,Titanium_dioxide,1
140.74244225331324,9.605820474281082,68.15217074309766,1,0.44973984245054,85.39619669554222,90.60870604812605,97.33826191648211,36.10747263410372,48,2.972228402739575,Titanium_dioxide,0
105.92432051787108,2.6768873581057235,152.5624185550167,1,0.7767105569551812,43.91498166337483,1.2156771477386807,46.50095175264276,40.84555814084826,24,155.83121499015664,Titanium_dioxide,0
87.65886966295793,31.511406644076615,28.620591751788886,0,0.06536615756438524,84.69688542070605,67.40199190587927,84.73879305713737,67.96972168333453,48,92.6859864480931,Silver,1
19.09059159676144,23.087776897962456,178.77170655517565,2,0.4875711936733843,89.30902051954149,5.1835799119729025,6.239406859827723,5.66804321658354,24,197.77926771942896,Titanium_dioxide,1
94.17604787137961,-27.866009621379906,88.00808728617832,3,0.03361360018328263,6.245759361907144,54.88586650773559,33.527905007829574,3.4672704226066386,6,97.1631830992116,Gold,0
148.55780826511818,-15.06223457635614,241.29213918478456,3,0.06265320345535452,88.34647629860606,28.76327290436782,6.701653775120997,39.191056294390904,24,197.3922931322712,Silver,1
25.312182209295983,-20.12086881484274,100.00496808783639,0,0.906437453344411,44.831905536942216,30.67765995221412,97.53431334790706,69.71636921379805,6,151.15930287994158,Titanium_dioxide,0
80.15779959274182,19.515703405814158,142.01384323372235,3,0.13924537111759516,51.04324890042322,35.29585034523566,81.69739072718367,19.343534295648258,48,50.47237203804796,Gold,0
132.21909542955353,-37.31740522113765,13.369956573349185,3,0.5324206822752171,62.659251109321026,62.12924490496101,85.25474212459704,64.15044812562518,24,108.14060087810458,Titanium_dioxide,1
112.41144957435965,5.59117478970532,31.009597460422075,3,0.41109560260070654,92.63826067300867,33.40499656687692,93.79652314338942,25.982813794029948,48,198.43499225623796,Silica,1
106.06728244431386,20.996694859255243,123.82313135793859,3,0.3473433262588427,1.911609442976403,73.26990505902803,8.510348611978536,88.60861088135164,6,171.6485909426328,Titanium_dioxide,1
106.86019217813084,30.141250940939955,149.1822620679658,2,0.8998333456872725,47.68434683178171,40.45273855738697,38.55975925133334,89.56899442666165,24,20.376011864452998,Silica,0
57.1262169268645,-12.633460102727405,184.00595895459807,3,0.0218233967754895,68.77220424305607,6.835320030995861,7.103488904400212,29.72872042813265,48,141.5680273651892,Titanium_dioxide,0
47.57081741835154,25.700584373761032,94.58214782569794,1,0.6637896861755891,72.27069576982285,78.37598424841073,21.07931015500286,22.99937539632405,6,69.7703375882918,Zinc_oxide,1
122.35736754438447,-31.149461043583422,211.54474697669733,0,0.9633944342135504,69.2532431537108,28.5758324592706,22.936577703767234,41.13039720662313,48,2.389470114189275,Titanium_dioxide,0
122.46644222848121,27.716183338761454,259.4354951848693,2,0.5601681834618419,13.443512940812186,43.276687959926264,46.91072110475787,24.05315851801487,12,81.29271283637291,Silver,1
130.72548619411504,-29.800907013441407,236.15678677907144,3,0.9368224620330918,29.93955883716812,68.54438832219016,26.856216745364257,67.23838432917036,6,47.716129923269285,Silver,1
137.41988012068833,-8.217016755170619,21.489459351023573,2,0.05225787928602377,35.87155254170135,33.2456157148712,10.09781068177611,82.60646845482856,6,163.95498483357383,Silica,1
79.14464783483598,23.783629262364286,149.3470147047704,3,0.4187933190741614,80.4437207679505,5.658565614671563,16.749108909410772,67.3092130911217,6,68.12879116030733,Silver,0
77.71986272964395,-28.006605812098098,40.429751741270714,1,0.26015779096205116,27.875987241455302,37.39210470128136,14.727556355209092,82.43504472493495,24,165.6772150968096,Gold,1
120.7528009501824,-21.659888381388683,80.19305460013297,0,0.7308209649807298,21.070496386720315,94.44485826943034,97.30767979122983,39.69921622074742,24,1.1189898281242665,Zinc_oxide,1
99.24476996277595,17.7802054714453,296.13215204747246,3,0.9812970904972467,95.74480190380962,64.17343972985582,75.92925069184736,15.631697070886085,24,62.25601085519771,Zinc_oxide,1
106.78519720236699,17.602922923685952,51.323707441438835,3,0.2565300624442478,0.88632851134689,67.1479148667207,96.7761465269562,73.79509473975922,12,48.99187764724463,Gold,0
120.38993706823466,11.291810630823782,154.67756450089325,3,0.6541746014740745,99.78208556819781,63.22821536376399,43.974048650790856,36.047450514155386,12,47.47990485265358,Silica,0
134.05077456354712,15.515875557368005,189.26516295225454,3,0.19809763275974013,67.68212988573956,19.899213895943678,27.83684816626566,67.12708252291326,6,14.569137333327077,Gold,0
54.00929774347269,3.417955467807694,213.71484145779016,0,0.5653302545716099,82.84692994491171,41.833386410228016,79.82931972091866,27.064394198176565,12,38.237729811689846,Gold,0
59.45952813279188,-19.85607528744378,172.2981182112051,0,0.4639324866883362,29.461939634619316,75.09397983633183,32.62539180411468,8.122963480667266,48,111.55436440723835,Zinc_oxide,1
18.627381276926005,-12.344320519686445,12.83354575156326,1,0.9720053296315371,1.4315277667059978,10.137289755315916,29.93833737053483,99.25817954877634,6,58.980853494711155,Titanium_dioxide,0
88.85062044444523,-25.472182655885945,104.67377939075764,0,0.6085272726964666,73.78695185615301,27.785277608971228,23.25059922078312,15.620150793059928,6,84.06156168350044,Zinc_oxide,1
10.211629700527602,32.676044906690265,160.1363765815663,3,0.3495063720868188,83.41445970006758,27.631910846585363,12.967897822423534,98.8420993963481,48,75.99650918909052,Zinc_oxide,0
72.51171262920673,6.671343581289634,35.48128475200167,1,0.11409578488793337,74.04761319535191,43.2018927594506,25.646306101676597,97.72799325664472,6,175.30508007497903,Silver,1
83.68347203259862,-7.931886658908809,111.68181005066242,1,0.15124682873493456,14.285028730083859,98.0368740942185,35.53197484738877,79.38181039080396,12,181.1545008030926,Gold,1
46.54848155860124,-3.039535708469387,19.628901549496305,1,0.2253169299512351,75.34279222569691,6.750254668382194,67.39942081457303,65.94229620819976,24,99.09843735951615,Zinc_oxide,0
90.67082278250656,35.782667168945224,32.78776417495602,3,0.250966661340298,76.8922782107641,51.870099438059505,6.256484221945158,57.78070502510847,48,66.70103411280527,Gold,0
9.422536241162167,-27.731887750713582,125.10775009846286,2,0.8506160578411378,65.85405156700548,17.936468201221047,21.050693966534297,86.61015453778347,12,22.253340096470364,Silver,0
10.41548736863609,6.898386561343777,48.487568672487505,3,0.5612227882825249,76.61159327955862,97.06765454097442,80.90236402916764,28.943952161948793,48,190.72717299703692,Gold,0
124.27708129565045,0.47109431075728025,174.58684599585186,0,0.5233909113743664,84.59214396777321,11.33035047274642,14.692192358377076,46.7681212484877,48,12.985162035159194,Zinc_oxide,0
57.227643004633116,8.916338834771828,209.94484104980705,0,0.11476887186921747,61.360411423745845,40.36010023615913,34.26451465225215,61.93899693665019,6,60.23240523608781,Gold,0
23.423774334523294,-38.55118529433276,242.17014274163404,3,0.860139693349435,8.860471396967906,73.78849848346061,86.46589218581401,41.11904758694911,6,60.315174032830825,Silver,1
80.72527270794663,29.769912715532115,68.04357083099492,3,0.7228143032084837,48.76278096672109,70.45544280274453,15.492531114344265,42.7486454090268,12,64.75985594190277,Titanium_dioxide,1
116.64906519929858,34.569462598688986,58.56994885513023,1,0.06766836190000158,7.764933467160507,42.272863689393226,8.27368356181899,33.02846675020844,48,33.693081811209446,Gold,0
36.29404898704226,5.210654687136717,40.32467369697608,3,0.7078350972297687,40.75430310324308,34.652416795271826,48.45379950800108,56.4231816684536,6,156.84912475381574,Zinc_oxide,0
95.31911899375504,15.732065910151377,194.56477236765465,1,0.5435382173426461,40.71064891256276,39.76123785528706,30.24195112785364,85.0574528015116,6,25.377074531231855,Silver,0
17.375382424096358,33.79995049418366,214.87796068120133,0,0.08172534574677826,6.600984414024158,26.42762631586393,56.34083644838541,20.152837800631286,48,127.3464251714794,Zinc_oxide,1
12.493849569448116,16.579090745071888,19.15998199943619,1,0.45830064152865646,34.88205339694793,20.53329387067998,80.38048904834751,93.44330387534414,12,25.645359314457675,Zinc_oxide,0
82.04642157738147,-27.79687656685909,281.50155141067006,3,0.484696287130047,11.099809879131485,48.303969755889,13.714848815274316,68.90876537482296,12,15.036591880998355,Gold,0
83.39209263346544,6.103068813345054,25.071672258927,0,0.16577454016327575,80.82352100092221,26.853375606760732,58.0699084554285,82.32732126800302,48,181.97647123348943,Zinc_oxide,1
97.42733571723996,8.537203710628475,166.97593723731043,2,0.9456981470002823,94.76880259644707,28.746166489725013,50.550876038986395,55.619069263001165,12,38.83562449742243,Gold,0
110.28324338978592,-6.069546295809118,215.62755064076575,1,0.8499753714806619,7.231647525793861,65.67560634745571,14.407878601319958,77.95167014240634,6,164.42878075738116,Titanium_dioxide,1
146.49855152206752,18.91553884997783,262.5810458863648,0,0.6690223373291083,95.51152072917014,96.85373316998923,62.39984855289824,1.620039733946721,48,109.38154335032003,Zinc_oxide,1
79.86355050367332,34.74936118152118,217.08521031840405,1,0.4622955610006072,52.25765993367452,60.363720055937506,27.364041786077166,81.83804247795352,6,16.49344740214515,Zinc_oxide,1
51.828688576480666,34.045481032542114,242.50114409023962,0,0.4117655415845085,29.95656779538739,7.697946706496628,48.78343185440125,4.013885908536652,24,191.13419009617542,Zinc_oxide,1
120.30199824146203,-3.9328502876694316,108.44055583741375,0,0.6509734671509542,7.686207527616351,7.558361385406698,8.227232427706188,88.99133763628625,24,50.14527223138661,Silica,0
44.27067643300076,-30.94095633273958,246.29928298648855,1,0.5454318694069055,50.06242680704178,95.1423220845566,45.958405721362304,99.19627472386433,12,172.0694237251687,Silica,1
68.65085600231723,38.787295916986764,33.23330545155579,2,0.062273105881885615,79.45155444907486,29.729079030733363,30.646346804282032,29.40674621767778,24,34.59319115112827,Silver,0
16.376175294628563,27.111846915674732,269.49683025755303,0,0.5125026487703317,70.70864772666981,9.206698608247542,82.23812111853543,21.031855628579365,6,170.93463354622872,Silica,1
8.675857795241338,-30.02698550373865,168.8017890845835,0,0.8064036172328395,5.022601146397376,59.90445871503815,5.697872699736828,76.53633638580408,24,3.632533768153503,Silver,0
144.58402012829913,33.667350609389786,247.01635328912317,0,0.45923987759695806,7.290183536790352,62.36487782902661,41.860727491832996,25.302634092025322,6,102.84431085732666,Silica,1
126.21711747426984,29.591708964970266,141.17230251030705,2,0.05195657755426841,40.28732826326371,64.85048201186882,45.8431424131438,86.55623831722035,12,154.1190733048898,Titanium_dioxide,1
105.9162598835862,1.5070445700857675,196.63753160699224,2,0.7862781993840331,29.52904940479433,26.74020278575413,72.50060762991187,10.28425921574767,12,187.02430798106388,Silver,1
64.29817694006914,7.302034859594343,162.65677167147282,3,0.2013637821359744,23.238432305604782,1.5110684214475034,57.428757509021096,12.595519637935826,6,181.93122510509093,Silica,0
30.127676410272638,-8.07978369038958,222.16096130904623,1,0.2586208348880388,28.10044989087136,96.50153694544719,66.72123371941811,97.91515551006155,24,164.10534903998135,Titanium_dioxide,1
27.683371187307475,-35.61906889423749,33.67269478887098,2,0.1647063534322959,80.34827432968846,25.089304569110247,77.7049285651756,67.38388982700046,12,177.7500785825995,Silica,1
41.285220233866326,-13.184220668327924,27.5021043572635,1,0.33021506487149754,92.92280536318539,67.60262880525475,86.22029736581888,84.68872244289528,48,40.644717481578226,Gold,0
84.63786638238747,24.22827588784091,81.65993786294247,3,0.756751505688635,40.510269452756646,70.66298698787095,31.38754967224705,32.4329377351518,12,57.55267484663403,Gold,0
108.61640879150904,-39.629438159631775,56.26795723282462,1,0.5193858595039373,90.61110021324971,61.00074170794857,53.802270536390296,67.64837495206044,24,58.50473645929064,Titanium_dioxide,1
100.72861962407103,-13.320066264708466,262.8172343117385,2,0.20488127415071256,32.1495701247882,31.290739421364822,84.01080784391999,59.42418273085972,48,76.03373226933806,Zinc_oxide,1
45.590415057161714,-8.146504512724533,73.57205633383285,1,0.8778300781520408,47.64369863437916,27.109625376406576,98.94511309650565,60.3150120122947,24,79.27081340665255,Zinc_oxide,0
143.45546569616315,2.9916482350338285,293.0009241875481,2,0.8795818549515292,22.602899781599973,59.76682827027031,88.95193110437631,68.25324595377215,6,109.36650960628042,Gold,1
111.99505292088644,33.588449313020845,107.69977961362099,1,0.8705784250460069,64.0476042175844,86.60956336116915,37.14672626243768,57.53591731290986,48,32.816072909921836,Gold,1
85.3813376141531,-12.2923204507231,62.81419554972279,2,0.23879621138153928,97.89811151748088,94.67337289233956,19.516651721865042,42.906236930266594,24,138.55808609341187,Zinc_oxide,1
93.69950820398107,-12.243743848301783,239.01256707131895,2,0.4512393441809881,60.34930960433786,10.590580440375764,48.93925374065887,27.592269438054686,48,34.34574132159679,Silver,0
65.84200905202954,19.00009984877987,201.02525489525408,1,0.9849896561408751,35.78140841135489,15.482861259771985,74.16414518360422,76.8581330913202,24,62.75138793880496,Zinc_oxide,0
40.920993477667835,-3.822564728815429,154.4767577714103,3,0.7720124763099904,64.78174459905284,94.47362587830797,49.25690707532976,22.62724300031862,48,101.16568099062465,Silica,0
56.61603840443293,-22.031614164801443,171.05542977191305,0,0.027167421225559818,12.292067846538757,73.65352283347926,48.31808633136685,69.23543061544142,24,159.491671743172,Silver,1
114.88768601733352,-3.8048387093845264,218.5685156989565,3,0.06520459126049205,88.86590802653987,88.29938248297731,83.82304210818006,23.333282264932663,6,148.1543774145067,Silica,1
7.0870558513146005,-28.73143836961601,76.25187498607663,1,0.46393137681233276,50.30839507798363,20.263263413534315,36.14037790671863,62.53301699544539,48,129.46133692569393,Gold,0
21.830532873502854,-25.889041079502135,298.9368356564552,3,0.9092202058615602,44.93497420396421,58.758587110940184,85.97946748116456,74.70782671290289,48,31.99887885545386,Silver,1
11.670383093154149,-0.1305781808416242,292.69001702256713,2,0.5387017979527142,58.58647884535192,70.11395944174737,40.680480095172356,21.87138889065392,48,109.86202377749997,Silica,0
10.90567633625067,-6.4859640396361655,198.5944490406117,0,0.4978125080342902,62.47838627894025,68.01118854469726,32.82331056783394,5.994330086130828,48,18.401853858177205,Silica,0
129.04178468159603,33.187672085448,67.86731076945209,1,0.10547369995663058,7.177580622651303,40.81516908666981,45.3989911199699,13.097374299417408,6,76.0952721825335,Silver,1
107.03038961010343,-11.008488070669351,207.26619030507447,1,0.656780104724294,68.26172212234025,1.5394891691308477,76.24469586748684,60.59969672710255,48,83.28978952770187,Titanium_dioxide,0
73.75520521766215,6.447068022243478,30.937538603960995,1,0.8221031606002255,24.193168031552958,58.29260568042631,12.600202786399429,84.94464062257356,12,8.922476449705012,Zinc_oxide,0
19.185953294395212,10.581143033562427,18.889225639683758,0,0.38042000750756233,71.39526325065899,25.310153917960875,19.64192158720174,4.499682123542437,6,55.52363179452439,Silica,0
76.28430189194069,-38.95244347293331,84.72803766825197,2,0.7756118509253275,82.25347943841967,45.02542461428904,95.1444825663092,73.41512590416463,12,191.17424398603137,Zinc_oxide,1
73.65340676318202,13.082989761336847,144.16065745440173,1,0.9644766539008116,80.39585075525203,95.75810150838173,17.54916273813574,34.13186459500521,48,190.7728889581082,Zinc_oxide,1
30.1142711369522,-25.757122650419888,261.79902656843035,3,0.2037664591276891,55.25009674078891,39.903531764243475,56.77273179310546,47.85283699195225,24,71.11308379625532,Gold,0
67.90848913950609,36.88562539755641,220.87903023222933,1,0.5233296311947413,52.016989231075115,83.98016066644267,57.931446666193786,92.88595498455656,12,9.576921680716488,Zinc_oxide,1
62.78318648761915,-28.106981779750964,225.3848911479945,1,0.28713795808457554,14.287596133941172,18.854060574925114,48.96244620502448,33.19715047358455,48,36.63989292630813,Silica,0
94.29826421757139,-6.830070101838103,133.39306698994187,1,0.7928544190338394,77.53461504031355,67.24604980250288,64.47452485768186,46.5336933939486,12,79.05134089327449,Gold,0
97.08857937580835,-33.17202655370849,110.32114783861924,1,0.5775933658811575,27.140938044671437,97.70069544389435,22.982672579761843,1.3682414760681105,48,189.60815989587672,Silver,1
11.569081416946455,39.74994014767579,117.60124126553478,2,0.6345824175503038,49.669542281794655,10.189310087293679,55.266226777674824,8.159872000483837,48,29.0986136438998,Silica,0
59.31882912083832,0.17560082649940512,296.4183734834568,3,0.7979141596158941,28.42740929275167,0.8319942227192012,37.21732552468971,25.859159113478402,48,152.93965288997424,Gold,0
95.74968777856428,7.630801385603505,21.63166550961992,2,0.3959704726624549,13.382836299969314,43.35827926326144,66.1667259629189,2.7852240821074403,24,22.627825335563724,Gold,0
77.95475749411271,-34.6338818089258,261.4391338755101,3,0.9150900684070432,62.95576968917366,9.26254830513672,14.122354337314945,63.1375326048251,12,196.2702579008641,Zinc_oxide,1
129.19102697230673,19.996837631934227,177.8158684859941,1,0.53302886724614,5.4332034822903825,74.83843496762313,57.08774168394763,42.63983568016225,6,76.94168332271786,Silver,1
100.51057658474703,-23.20755255235314,137.19847156498122,0,0.157954822835348,74.86452341262,91.45486638485589,18.52703553833237,54.814520272802206,6,155.27167324091215,Silica,1
28.625491926807307,31.844343155257093,220.32472152038957,2,0.6958991181688025,31.758679526111667,43.402097270875885,27.86430631150364,17.464718589632955,6,69.17562547941523,Silica,0
15.232468373062327,-23.588828761439427,151.13399301316383,0,0.7932613504382544,0.013469300448532007,25.871164215544095,21.87098003235832,29.593202943661613,6,125.90610655460293,Zinc_oxide,0
98.15079533991576,-24.744982346906674,263.29273904368154,2,0.31676167706752667,51.11291392372298,43.44033190066098,18.28377798688171,66.38244748527251,48,39.21120086326731,Silver,1
8.844140028535163,-37.07602657215241,271.203540563265,1,0.857179256998753,4.6851908527603126,72.3447817850001,82.5710951560667,96.53027236303998,12,30.058182840095544,Silica,0
89.93745928465218,-2.2346443912000638,132.29906879330207,2,0.9061432547657664,27.616955782089946,0.9054161580370979,28.570756766089033,5.04167736022092,12,187.67476377405814,Silver,1
141.33338500661884,5.187290661009314,90.28006119816496,1,0.2769044873778089,70.69764874557161,58.945398948469716,92.71237818644494,89.03843208552661,24,183.61180830298227,Silica,1
88.44375579200245,-34.74330884573181,181.78159529207505,2,0.9835214727152221,6.268962162186586,61.329168488737906,96.99265253451908,57.68812013112085,12,177.60631910236359,Zinc_oxide,1
61.284639299945674,22.042209335600845,274.58537022884036,1,0.14071152804875842,83.93384923560023,63.76882468959355,57.126046993709735,56.39195667556237,12,125.46125658315209,Titanium_dioxide,1
98.27679167414121,-3.736893220157789,71.09203481164332,1,0.20201566840248997,0.3819922658583108,24.202207998087722,14.30011226657264,50.027853520776034,12,161.84537403203936,Silica,0
71.4466691212699,1.9512215462064049,190.66030923341,3,0.18422483923802613,24.682386920190226,71.40527233781268,37.45482433795813,6.9394085904183385,24,14.738350445363608,Gold,0
84.11443445081056,-4.73898024494175,193.15246382683097,1,0.8939897100078704,74.09040561520715,9.13914863317764,79.7732263348214,8.987685173616066,6,67.62301933624515,Gold,0
141.51239727259616,-7.93895512997392,222.60277650043147,3,0.6542925523249619,31.627014972930677,19.92703364668008,36.739072869707044,60.09120056590861,12,63.42692182667409,Titanium_dioxide,0
60.984882481112265,4.7712265046574345,48.15462868690534,1,0.15210428322227287,10.189238806601352,87.74700466544819,8.701721830278874,34.09585714355583,24,127.49341906857003,Silica,1
144.37263175446756,-27.580780325543,217.58923975780567,0,0.440323418368349,36.02339188004279,73.87231507265663,55.678491092818795,91.72680665776807,24,71.83559692065747,Gold,1
136.27584308362924,-25.44574956037831,273.6194309930359,1,0.615298025069802,27.039328638452552,1.3745554011345251,84.51208514960348,40.659053735947225,48,30.55284954709248,Gold,0
33.38971454444798,28.942849681081384,62.108101572370174,0,0.08346408498938329,84.27119021605549,24.83762603698002,79.59263871435024,14.328145870264109,24,119.6969480072952,Silica,0
15.057388626898991,35.689236970690615,78.88756422792451,0,0.8824163684073387,31.334791758514314,21.440648299316457,17.512314013035322,71.4718833502036,6,163.0624002131472,Silver,1
19.612810199726866,-10.135254697619764,291.7045772720755,1,0.8036035354415352,78.89324717760073,27.080632803697256,67.27646144124667,29.335342144100984,12,77.04257539753466,Silica,0
7.64216471947471,-18.340426148515697,62.48331628575203,0,0.5052067735766382,89.18721448107347,24.755977027988642,22.05042634356471,52.54703073558932,24,27.32147430459786,Silver,0
18.694229309609618,11.519963459121257,257.77167707717797,3,0.9671266152591704,43.381741957652956,6.252629574284574,21.820753455217222,69.783278550517,6,40.140951265251786,Titanium_dioxide,0
104.03598214537175,-7.301266312152286,152.7605783699301,2,0.4177609792750997,90.9943143854392,45.894051659682034,87.40717733051852,90.02641112020704,24,48.259177728707414,Zinc_oxide,0
15.322354026733203,-37.96909154717241,81.69701157692134,1,0.9841103190364978,37.73180539631929,73.27334747861651,24.966895274023017,79.2191194801676,24,60.67962100591271,Titanium_dioxide,1
51.25146639259539,-27.50779221070477,262.51747136902827,0,0.6679199988036271,96.40784164901082,60.67317247174364,26.32473465180112,67.63610678727241,24,128.9162190307555,Zinc_oxide,1
127.50692009057092,17.277778307791806,139.138523950773,1,0.6346712732539415,8.928952452557294,67.28716685980798,0.06533907612995549,67.96331823951436,24,120.58815142300608,Gold,1
8.37443068169475,12.713915352812108,159.29703263961017,3,0.165954895295785,68.70192665032427,8.114917853623915,87.06690341255177,94.59246440320865,24,139.5198924518408,Gold,0
123.09792997539569,-37.83232059972132,114.17767712593205,1,0.881927758304644,49.38140404569287,95.14907101767872,79.25948132091347,29.582409749653603,6,73.13789492177112,Gold,1
45.86894234214299,-22.242227045364046,181.95574691612896,1,0.42748968792061515,38.76488054556471,83.84918338430248,62.7328935090678,0.11120941961874076,12,164.97553272411568,Silver,1
22.133900005140156,-21.514016272954287,57.421923049656606,0,0.16223340578247936,63.27118787486009,80.50903184956627,75.02657639388423,27.19545593981987,12,41.6134445699963,Zinc_oxide,0
106.02688897780185,13.751419487898275,123.4136456290106,3,0.01260751997575904,70.38570916343312,82.29838050417675,15.20485674244918,21.7891379626744,12,94.33910875611264,Gold,1
96.19671278308319,-38.42315697965087,291.1295734772334,2,0.5597556836383826,0.43632696503090873,93.27105081327613,45.832359458757544,66.18345851139982,12,160.38680558674463,Silica,1
132.23344196142267,-31.67131344123409,84.85869548332698,2,0.5273996221226763,16.69530887471987,54.42539661136977,35.121938734878086,63.3711599765529,6,36.85157089879123,Zinc_oxide,1
111.58530135156343,23.99328682985515,200.45363271697474,0,0.7193536223691586,71.30460506343186,20.02820178676259,9.37765262570165,59.34613827047238,48,22.862759634415806,Zinc_oxide,0
121.50473490580305,-25.71642703565331,104.30511862516151,1,0.8902580530178021,66.63854135782064,61.678360785254114,48.61304852149241,1.62434432094537,48,176.85310956990995,Silver,1
45.89501302283944,12.219688628149974,234.30720644911418,0,0.07940658464302952,96.60475051286772,74.2881493667939,92.07396503426354,72.87780544506475,6,69.24300288907999,Titanium_dioxide,0
30.728733848059807,-20.94537751626188,47.95336160832145,0,0.7314964903403623,76.1037790250783,73.79173933540254,4.005911905069448,32.353041248549154,6,137.09015485689736,Silver,1
113.83913898792446,-32.04468857925239,291.24810307277795,0,0.18741194409758222,95.0772707731338,52.14490241668801,29.14609134937939,66.50559890066312,24,6.044372248523757,Gold,0
121.99103719375329,-20.546224720043675,141.59896700125537,1,0.858177053157164,70.25405015348069,6.845871933357806,20.754093620570345,55.65784285021533,24,138.31933079348047,Silica,1
148.62324559009764,17.781354548452732,78.45463437047455,3,0.8190635138616561,29.805220863944314,37.11129384301278,23.81466536656963,34.27309254279072,24,63.904160997847136,Silica,1
64.82956315215684,28.455717448502867,31.314056725703672,0,0.5407937549855444,10.536492225085647,92.07666084633573,90.84345518793752,13.457626710410775,12,12.092429863900907,Gold,0
58.94262243995356,26.41758916535933,59.229792475386816,1,0.7102427986233115,78.18238633449356,58.4448909757426,46.806905423429015,9.441889766048096,24,122.35273954807529,Silica,1
117.57987930758954,-8.225317630523612,160.73444508124513,3,0.3143501131837484,64.4149221475916,53.83319432557134,46.62994129398188,83.15183331122236,48,48.919959398561474,Silver,1
54.416513336687586,13.44681092565169,107.73092116507303,0,0.47116789893281463,4.818601239329623,26.885351438219352,76.05756424552823,91.8397542081558,12,77.97464116832413,Silver,0
139.95981221251688,-23.601256366734322,250.37617610595674,2,0.8216368977104717,36.005046590097834,36.84489199165789,15.44922040049258,64.97880467642996,24,17.035581645016205,Gold,0
129.4698490172367,-16.54818157911894,134.95738186192372,3,0.4592651971732139,95.67998154842861,89.53460891531692,48.72653541000508,10.343411486048337,12,30.28548696789412,Silica,1
67.20413396937766,31.706865481689576,82.12713905041267,0,0.3577982653254418,50.04011457102012,66.64630475268358,42.99852141210597,40.20272168882407,48,60.29746986367291,Zinc_oxide,1
113.87630482976712,-38.95984611914112,188.97204611516872,3,0.4942124472502999,43.272913601970465,78.73870267523328,59.69106905466561,72.89392001051573,24,18.86214061147127,Titanium_dioxide,1
114.40871674227894,-33.15931753164256,214.9653928967793,3,0.8282492524372184,45.7699605159294,45.434542306765515,99.95577032504386,77.9820884010068,48,182.25442667257673,Zinc_oxide,1
19.95296098121023,-23.369099588317816,58.44215329127546,3,0.33520804737087273,20.88827240051637,63.024721945615795,76.9448894082047,11.82186222910886,48,2.2033615936117052,Silver,0
135.87017146853717,-37.877423690094425,58.609572723612125,3,0.1737615931357438,36.87071708647952,24.838360874320752,39.78657030174272,0.003071884538241587,48,97.28818355399797,Silver,1
78.26159400493928,-25.485165192816215,20.63471381072746,3,0.7120140203307808,36.98132559871766,70.54608302834863,82.75530522740469,71.2137045880605,24,25.526244168377737,Silver,0
124.83633258562253,6.643324877575374,223.55658436903576,3,0.8259782127080818,5.2355020187472405,42.76013337033373,17.070836331248017,35.659617598620564,6,62.22813880611176,Silver,1
51.40719214943871,-6.286035952600166,202.50331301032347,0,0.10063747852353333,76.75676285179182,44.25455148147456,3.0463686308960125,25.448133161826025,24,185.28585240383484,Titanium_dioxide,1
134.85086813194906,31.41373688615799,147.64295396744603,2,0.23987411275594472,41.6504431903879,64.93223245768817,20.444837246427305,1.289746978952544,48,33.177216101523385,Gold,1
61.434243416453654,25.395484939075274,254.80943020106716,1,0.1419719897609939,82.21798868164232,93.62806214689266,34.041155611425964,54.02994067614997,24,193.2006316239482,Silver,1
6.5714594646432625,-12.654611864169922,243.64434435551541,3,0.3479414115821666,85.03480011198954,6.400634660862092,51.05807574595599,85.11507354259817,48,41.95308102089492,Silica,0
136.28038658079322,-19.2461253254966,179.75276567505813,1,0.45035097890541265,21.199405469865805,82.47432373470076,61.51291405411998,95.76316462725879,6,148.57165558489908,Titanium_dioxide,1
18.236568133989365,-9.624607346618646,261.798671348845,0,0.7488263369633065,65.73534821701286,29.238311041219312,91.06057172144217,56.574495061328925,12,109.78877571456503,Silver,0
51.30047745061015,7.2235954011846175,69.69395091066279,3,0.6511475848816741,47.22818041629817,44.391945450637785,50.98540095504577,51.44613277398942,6,177.01126679175508,Silica,1
142.7589852223667,-18.5549087341699,42.456689625341085,2,0.6209285674784312,88.0156737921485,2.1913328775008956,50.127564462572934,8.50563854892411,6,111.24465784512306,Silver,1
142.83803630594562,9.931912627930721,88.22738733992699,1,0.3523749466096544,21.57406791764541,30.1046077834313,5.024300982298213,54.887280154259976,12,107.37728461210543,Gold,0
88.14849377787648,-7.247067824700764,26.555188265901307,3,0.8414475530847599,67.78132003100443,50.26312426301305,3.491155265622381,37.99790789653946,24,39.89614207331158,Titanium_dioxide,0
96.61639576462089,4.163774468158422,164.0391631202993,0,0.47128716739816456,60.775212225272256,5.617607734743901,55.11599619163721,60.71352808835769,12,34.07964304828008,Gold,0
70.02460068685637,-5.109877669174665,281.6156507655388,2,0.9791049380151545,29.53014775718328,49.10957293831652,43.81786132483445,38.87263478765467,24,183.38134107198732,Titanium_dioxide,1
47.51556189621936,-16.442739236646588,21.409626793867798,1,0.6341421382957368,13.660090365117261,92.71106288584274,83.91803949802986,24.029912345036674,24,66.23980157115678,Silver,1
52.65635907863781,35.87626455697253,45.41187506290777,1,0.12626474156450274,65.16397604772766,10.539321810780521,16.067958471184518,9.49652752283765,48,75.0443687376163,Silver,0
102.51517613117058,21.088463532780864,141.13771820219623,3,0.676177562075434,73.85974581323308,76.44407280755044,2.49716621170496,31.491844458889574,48,152.2049080272493,Titanium_dioxide,1
114.0943067684636,-28.790945938683798,280.8237550830924,2,0.325104015431699,31.562734376335,40.967105337599264,44.903876793012586,9.664483428775227,12,68.42587300213866,Silica,1
119.77896134024803,29.47743807183302,101.68527044325765,2,0.6863271966860974,64.48326040223138,65.5173714524338,23.74785567522575,17.689695082398394,6,190.46042688116154,Silica,1
119.49463070521031,-1.0055041400389086,157.0980945196338,2,0.06964114816240574,39.51309076115032,26.023659798522935,4.961437333883745,98.73361585795459,12,147.84762603076126,Silver,1
18.224884942060104,31.564178151527315,22.056129124613708,2,0.1748814371759594,71.32068832826177,15.949226254135828,72.4598286847629,44.41035569066186,24,119.88841927211058,Silver,0
76.69094418187431,23.98842047578522,53.01952827900577,0,0.8557372589057863,19.92152748940531,16.046261427122644,11.159299995724748,53.187176650501655,48,176.29813694840576,Gold,0
13.34602020241342,-5.982919642461326,296.1227356580656,2,0.2271795570235149,89.02150026361744,7.049194564314465,60.83195000077717,87.36185287372153,12,10.871575761547067,Silver,0
84.68168793694166,-38.202455334390606,289.8844219664532,1,0.83704112524294,28.74095964655797,18.564670490124303,28.104975016688915,99.55689004906878,12,52.15547574565254,Titanium_dioxide,1
69.02192269913967,-18.505811249204314,11.432594470978788,1,0.27927608845441043,36.77859877561529,66.42193849889682,17.3496050355022,58.27144493446815,48,93.54223050996109,Silica,0
133.71710649995347,3.3307371728693553,286.0254177727393,0,0.6428819100587077,5.8091952080349785,88.16906118435081,37.97515229193175,81.24738210441717,48,46.168729354832685,Silica,1
55.88267682005141,10.678257586091782,195.3447819664951,1,0.694150573509831,11.15122123212764,81.41256855911618,80.14457762229537,32.694102433667524,48,149.03713227312824,Gold,1
21.97471738200285,-19.368985165343815,261.6963054108064,1,0.5126547531450529,51.58619027123281,68.51343098744842,39.20935769045727,30.57439574472911,24,183.9223981796913,Silica,1
25.7337938976612,-28.85151407417407,141.87455813381914,2,0.3053106766967313,26.75926767279715,11.043186341110268,75.07696492110557,40.27037209945602,48,85.33025386625376,Silica,0
115.41904159903348,26.794418943943924,159.52284828798258,1,0.21264437637109612,83.54802257421944,28.918744629594983,12.548629679915068,67.25072626736491,6,69.0843874222671,Zinc_oxide,1
94.64161918085786,38.752174456284166,151.76550827450686,0,0.03318935456242622,1.4693388654953843,30.980687532246897,77.27714196650791,68.21916892550988,12,192.34859569537568,Titanium_dioxide,1
19.662788037804585,2.055214584214866,203.39063468837026,2,0.3039464012407238,37.90940486719362,24.99569463976212,23.693332490664865,31.52394346494508,48,89.52563413268062,Zinc_oxide,0
17.19548688667463,-26.265657132135722,50.49886387933074,3,0.653162790531283,33.73455467690927,51.50056597097231,67.73931298888728,13.320992413662868,48,98.32063168940736,Silica,0
106.64052406157239,-18.215413878450484,18.692341063076604,2,0.9383048184484827,1.9327630917601035,53.55538148796726,56.57815548409963,63.239625646550856,24,70.97832459603917,Gold,0
15.55063592280806,-38.52874587620266,99.29968306144536,0,0.871204482263052,12.436839900051023,35.68859751711102,92.91447172116874,12.832586218876452,24,182.00014612941553,Gold,1
124.16970859710165,33.143904524839925,214.35742119362754,2,0.7660647765353026,41.36426749186353,35.3789158736436,38.732251797531404,57.84925082293301,12,114.2221411730883,Silica,1
107.40512293769196,-30.57991336878871,68.53750111565503,2,0.7884473432532987,49.28645844474466,82.85555979060814,6.616518883444044,69.3422128056309,6,152.67274284914728,Silver,1
16.795573193075466,6.1213180411402845,205.29540566422602,0,0.6649849034759953,40.42897472548691,78.92928483196856,1.9155485551252904,70.06114963944516,12,162.54953695182638,Zinc_oxide,1
17.30146854235283,-18.07558234502352,291.2744933711084,2,0.260286857566003,53.093767841209385,30.779583168074566,82.6858560972753,75.34721106595967,48,69.02795934153438,Silica,0
148.06273888267043,4.334240201263469,37.23120757893133,0,0.9071950307058299,59.51316749056815,91.37884438732593,52.473563766143215,87.28594215656645,6,87.30517193275563,Gold,0
59.26926538463745,12.11363106814914,205.05461428528662,0,0.670732311905834,0.992382112783563,95.2815017002506,77.52440518349492,49.995899196478845,6,169.84588310684666,Gold,1
58.743111324699186,26.379344296576136,138.68756359832562,3,0.56044063098044,46.409515945350385,32.67425420300408,23.44256000115147,73.02491895295712,6,73.28781498348624,Zinc_oxide,1
122.85593725233787,-23.486298259151745,261.7612537694765,1,0.11098946921348107,96.34992408875883,35.442494879305485,34.50837455132337,61.91727353658367,6,158.99309155691842,Titanium_dioxide,1
142.3510437206595,-39.120333707321564,61.373438939741916,1,0.4470555438064254,51.90322801295487,50.56341534219588,3.010387221131894,18.663993979768257,12,188.25747219231297,Silica,1
147.97015425431627,-29.049149594495418,210.8615261455877,2,0.4603582712019263,67.75422674589532,94.11208125336735,96.14923245741122,2.568964486940817,24,125.01886424053339,Silica,1
114.23983686254654,32.0014913478484,253.05343399795197,2,0.86456360952267,31.18638579168832,87.63194331423115,66.78679067008134,28.454138567693377,24,148.5838302029259,Titanium_dioxide,1
59.55763990198279,29.91120620500122,283.93812364746674,3,0.5466482201877885,77.39913781527625,10.25679625835898,93.32050877593062,44.30337063376194,48,161.21436509618584,Zinc_oxide,1
17.10760392130697,7.793048173624662,208.14192820399728,3,0.38040054897040965,77.2921481876115,39.27307432714162,26.549640742907233,61.71059444286563,24,169.16289013043186,Zinc_oxide,1
117.68630280947833,8.041348834692272,154.1806815624439,3,0.9768003285106593,52.129604765413895,55.33711897497719,61.146361122566084,84.99593305032053,24,79.6156142335024,Gold,0
85.96861621169174,13.202933963700438,189.17569965835202,0,0.11072059332631567,97.60138232792136,50.313247255154,67.84999682926379,19.624571670616564,24,11.201428376023635,Titanium_dioxide,0
66.51219134081157,-25.970297710124033,261.98244549882827,3,0.4225484283119446,12.555021476265338,19.38630679368927,31.754970025758844,12.55497898984771,24,80.97337797611117,Zinc_oxide,1
136.4213858387367,33.152955673996786,175.4768265252606,3,0.04202467517140529,1.6947664889580993,85.88167711681547,84.81092350156301,96.34799474743275,48,135.07748972703388,Silver,1
21.123634934391944,-6.498358008634149,18.81224731208269,2,0.7399041207669304,77.0158211757096,67.69407829968374,94.71614629002478,10.80445593764071,12,90.61972677037777,Silica,0
76.43064012217458,-9.348917740040203,279.97512169702355,3,0.9180765521991506,80.71555373648826,83.79083748518036,88.48551176960044,47.84910701071892,6,150.0436670212193,Gold,1
6.6462784912757655,1.513416422627003,209.96275779915274,0,0.28003732955048943,12.020722912057625,85.87642793494722,73.90669759393725,58.55637287933019,24,72.03950346426411,Titanium_dioxide,0
72.95579308914832,-36.2427226579956,206.18888187540148,0,0.8583416767991209,26.55828329586061,74.83558536657398,27.746467972495402,54.137442090743825,12,127.31408407970189,Gold,1
13.163974973866416,-26.697330499513647,72.54579419533798,2,0.29221823046189777,1.755236336662891,43.92106012497173,28.161604210563173,8.603215703294321,24,38.09754116594094,Zinc_oxide,0
22.22859785887043,19.042689314109637,201.0767863674706,3,0.9107701616439152,29.33086107805647,61.054675501542455,96.3360320446038,5.702691400361937,24,150.12451789234643,Zinc_oxide,1
22.041305782680208,-33.376106565989886,124.22067763970595,3,0.7539619035967839,77.31418739186715,16.036540611974313,1.0284495935692028,10.548342746103568,6,109.59349779379214,Silver,1
99.13549380682922,8.252168757311054,198.8575633420327,0,0.8049067768414386,51.79605277125789,67.36454174749078,71.60499732421445,58.55876838726125,6,41.608813320773514,Silica,0
113.17650749348638,-20.372071225494324,40.91197878931731,3,0.0180065556004545,34.80955931682881,17.925325573928074,70.62461625552622,54.43448876343211,6,59.09032352606364,Titanium_dioxide,0
89.58847093908814,-8.856350876641876,200.77513833488044,3,0.962810357074026,37.17392949063303,69.39495905101568,62.26895409497975,23.374079203674427,24,149.97313300778464,Gold,1
144.51501952880858,-16.90450105834401,299.8299804734933,3,0.7266709920703233,0.1353625715468154,22.959816075396866,99.01088460868658,63.777414184559156,24,97.03764589664262,Silica,1
59.35623403093709,-11.54618268280407,23.981491269561246,1,0.3047510953861333,29.98005275652359,11.755130015021997,31.187943576372522,82.00675020556494,24,43.99025663822137,Zinc_oxide,0
46.428252510869804,17.523672414739636,293.380513424182,2,0.8293946648588469,64.64587416379305,16.52844901429574,33.997186379324816,4.157895984659376,6,193.48696688368923,Silica,1
130.94687358747174,-16.230262750145997,128.00330860963248,1,0.28152119841492995,97.41944438163571,0.1992135219070268,7.893940294655555,49.81299435480424,48,143.3098789435607,Gold,0
37.421396585320636,5.312371223751775,262.51850059780514,2,0.872753839566128,84.70608269838995,71.87396178535302,44.27981365437375,68.93104121026903,12,191.46983167541944,Silica,1
144.66726821888864,-1.9159678240720268,236.8917903768993,0,0.11258039041193701,2.3594964645529126,73.24010490583791,26.10485262348481,25.23119270696871,48,85.9939040267083,Zinc_oxide,1
6.762398830023369,13.093693229011848,174.43471568613367,3,0.7036859774607958,89.85606046748393,51.493334991325945,34.338670217764424,30.77709052931491,24,95.54496779765238,Silica,0
145.63242987260767,34.94637914598064,224.1502706828847,2,0.5406984766449103,78.3198413298626,16.13628010553837,83.45717902556277,61.36379029893838,24,179.6930880208188,Titanium_dioxide,1
11.258187232833537,18.605767776820024,264.7695127773909,1,0.09653447019544081,78.03761235709804,8.355433751068976,93.54845135274957,89.7935293443737,48,105.48481870883154,Silica,0
134.2157514862203,-22.804769712739457,127.20069327879956,3,0.24189382825883898,45.79957590035715,1.912896643728701,18.573307200518563,80.99244203028994,24,141.74850346922776,Titanium_dioxide,1
81.51666081751348,-37.505349195097224,104.83961685333922,0,0.01240403627731479,39.80052929545028,16.57481769652207,37.25089315534659,58.31302190995835,12,51.182402621610464,Silica,0
148.97989543729855,-19.01887645601399,203.60208181343955,2,0.46876796546450583,30.29157288331926,89.08555349831467,92.8630562115394,73.02217177572491,24,89.89856727182547,Zinc_oxide,1
15.700501886632836,7.606234456020388,244.27532316296498,2,0.3012652607600004,6.569485895436578,24.153684170168177,6.180846068922263,36.482247020779866,12,25.566523296260666,Silver,0
85.30887123819151,-35.885934921259974,231.06268908521858,2,0.5983574842977588,22.82353634936991,35.42713272172156,9.236052811137851,64.09655280987577,48,41.99002713951538,Silver,1
145.54886766476935,-0.29070022390109074,241.365958169004,3,0.2972378077086172,24.66036349780246,10.534548448133318,16.279098920622936,46.6181591127557,48,1.1877396382585863,Titanium_dioxide,0
80.84918740467158,7.747427913351139,136.31916129575058,1,0.2999191115069847,48.40770697102016,22.236130474817028,59.521283412687474,18.993613645756092,24,8.813745278083386,Titanium_dioxide,0
96.26280252961307,-13.260488734643133,247.17192269075628,1,0.7431931987316034,74.7444406596694,51.922457078020514,15.047227100599747,70.17382738772572,12,195.47948081220892,Silver,1
105.88355990276949,21.672976299665756,44.860626057476445,2,0.04814283597835345,47.38098283979466,60.775268309565256,96.80763814507335,55.646463734882204,24,49.2283853322157,Zinc_oxide,1
70.90845439132711,-31.472139749298258,167.90183840864637,0,0.9028949951919872,5.784444944716061,24.535231416621105,44.671452725852035,35.86215819535914,6,132.99883119129638,Zinc_oxide,1
95.99592161218919,-33.9889774611353,11.670011544455255,0,0.8522638743911815,95.77898009882038,5.773215922511721,50.15179603501664,91.13391900786307,6,167.9808400611227,Silica,1
89.72557522884954,18.255100496288264,104.12989067107839,1,0.6678046832264065,94.27243190941122,39.10328691273987,24.66586158054065,2.0934117826733267,6,110.58143138807628,Titanium_dioxide,1
135.6679115211934,-0.360694703504123,116.27384511270539,0,0.5932215701073843,78.51895431484084,23.420337092633414,47.09602524347335,31.5773151249496,6,31.47575551670728,Zinc_oxide,0
11.589725149511391,15.072191714218881,124.89008056668406,1,0.8923024981396522,99.13279015642206,21.955392322980195,66.19136326370115,5.688139777764656,24,145.8951710298971,Gold,0
45.7396624908734,-5.213812911700302,211.68548994006002,2,0.18533017952871444,54.448233280026294,95.98628027134552,75.11771369540428,76.65273162216272,6,120.45003060981702,Silica,1
142.809665191101,-20.287837340871455,122.68184936840026,1,0.07896916219082861,96.27683502532061,61.63004859257241,75.3868082709913,70.21074541137926,12,146.51886728012764,Silica,1
134.08824866418286,25.528185413935972,140.1211505605339,1,0.2395101699095381,7.560504061675077,55.68784431720959,57.789111269408835,33.13522187363171,48,154.17957794856034,Silver,1
71.07022915392838,23.95327031751834,78.88779795355497,2,0.7945782787001903,36.568074826137135,41.57751035233219,90.43597749938573,67.5662902207073,48,195.10666316926427,Titanium_dioxide,1
94.91922668122282,15.575717668354145,118.24301957250863,0,0.03467026672648332,22.538126800676583,42.89443334301443,81.74078473061094,39.593722619594985,6,115.13909272531528,Zinc_oxide,1
45.22027153226424,-18.228389021602986,75.90819190631393,1,0.5828068350834896,19.583308413427,54.090500383808084,75.70481146986255,75.62537914224343,6,68.98658142542976,Zinc_oxide,0
32.27756815994539,7.218453349526968,31.226817892848654,1,0.9954375161913099,14.08029488926761,69.64298070361072,5.560552168046062,45.41836627367061,6,130.04444682314718,Silica,0
72.23626871629742,-11.122088244797858,185.0000920805996,2,0.8556960938375394,62.241364156599666,70.21460961818295,0.6877962219649314,41.22797278316656,24,14.6197011392826,Titanium_dioxide,0
56.23607306377766,-32.673434133869264,203.78171158095472,0,0.5214456890435895,78.1321855747305,17.169390770544958,21.244727719547296,93.4729915488301,48,179.58206634599568,Titanium_dioxide,1
89.63013621837645,33.38508603697943,189.6522003427882,1,0.06364090928664234,57.82983994203607,50.0112752076627,66.35235939134523,25.087909989070024,6,24.75682125630116,Titanium_dioxide,1
16.271522359922802,-29.054509526483088,144.41327270216598,2,0.8313735143857098,14.696270958820968,41.195809503410196,41.119748888254584,12.044733999656543,12,66.24072473927784,Silver,0
146.28724711159413,36.018988305664195,120.13787625197665,1,0.5989785081772105,81.11237699334708,87.05269662693841,40.24062592993117,58.45431132594582,6,163.33333074459807,Zinc_oxide,1
148.0005579495424,-4.319538163363539,260.3667583758293,3,0.11493299705956683,63.59547071637285,63.14189212183764,88.45868882296138,96.93218122841789,48,119.86516328781165,Titanium_dioxide,1
